Race_ID,Driver,LapNumber,Finishing_Tier,Tire_Age,Fuel_Mass_Proxy,Degradation_x_Fuel,Tire_MEDIUM,Tire_SOFT,Tire_Age
2023_Bahrain,VER,1.0,Podium,4.0,108.0701754385965,-301.78542828399134,0,1,4.0
2023_Bahrain,VER,2.0,Podium,5.0,106.14035087719299,-240.5834660323908,0,1,5.0
2023_Bahrain,VER,3.0,Podium,6.0,104.21052631578948,-183.24115290359725,0,1,6.0
2023_Bahrain,VER,4.0,Podium,7.0,102.28070175438596,-129.75848889761068,0,1,7.0
2023_Bahrain,VER,5.0,Podium,8.0,100.35087719298245,-80.13547401443117,0,1,8.0
2023_Bahrain,VER,6.0,Podium,9.0,98.42105263157895,-34.37210825405869,0,1,9.0
2023_Bahrain,VER,7.0,Podium,10.0,96.49122807017544,7.531608383506788,0,1,10.0
2023_Bahrain,VER,8.0,Podium,11.0,94.56140350877193,45.575675898265246,0,1,11.0
2023_Bahrain,VER,9.0,Podium,12.0,92.63157894736842,79.7600942902167,0,1,12.0
2023_Bahrain,VER,10.0,Podium,13.0,90.7017543859649,110.08486355936108,0,1,13.0
2023_Bahrain,VER,11.0,Podium,14.0,88.7719298245614,136.54998370569848,0,1,14.0
2023_Bahrain,VER,12.0,Podium,15.0,86.84210526315789,159.15545472922886,0,1,15.0
2023_Bahrain,VER,13.0,Podium,16.0,84.91228070175438,177.90127662995226,0,1,16.0
2023_Bahrain,VER,14.0,Podium,17.0,82.98245614035088,192.78744940786862,0,1,17.0
2023_Bahrain,VER,15.0,Podium,1.0,81.05263157894737,-219.41210160235835,0,1,1.0
2023_Bahrain,VER,16.0,Podium,2.0,79.12280701754386,-179.4382095261964,0,1,2.0
2023_Bahrain,VER,17.0,Podium,3.0,77.19298245614036,-143.32396657284144,0,1,3.0
2023_Bahrain,VER,18.0,Podium,4.0,75.26315789473685,-111.06937274229352,0,1,4.0
2023_Bahrain,VER,19.0,Podium,5.0,73.33333333333334,-82.67442803455262,0,1,5.0
2023_Bahrain,VER,20.0,Podium,6.0,71.40350877192982,-58.139132449618664,0,1,6.0
2023_Bahrain,VER,21.0,Podium,7.0,69.47368421052632,-37.463485987491794,0,1,7.0
2023_Bahrain,VER,22.0,Podium,8.0,67.54385964912281,-20.64748864817194,0,1,8.0
2023_Bahrain,VER,23.0,Podium,9.0,65.6140350877193,-7.691140431659097,0,1,9.0
2023_Bahrain,VER,24.0,Podium,10.0,63.68421052631579,1.405558662046731,0,1,10.0
2023_Bahrain,VER,25.0,Podium,11.0,61.75438596491228,6.64260863294554,0,1,11.0
2023_Bahrain,VER,26.0,Podium,12.0,59.824561403508774,8.020009481037334,0,1,12.0
2023_Bahrain,VER,27.0,Podium,13.0,57.89473684210526,5.537761206322093,0,1,13.0
2023_Bahrain,VER,28.0,Podium,14.0,55.96491228070175,-0.8041361912001453,0,1,14.0
2023_Bahrain,VER,29.0,Podium,15.0,54.03508771929825,-11.005682711529397,0,1,15.0
2023_Bahrain,VER,30.0,Podium,16.0,52.10526315789474,-25.066878354665665,0,1,16.0
2023_Bahrain,VER,31.0,Podium,17.0,50.175438596491226,-42.987723120609,0,1,17.0
2023_Bahrain,VER,32.0,Podium,18.0,48.24561403508772,-64.76821700935929,0,1,18.0
2023_Bahrain,VER,33.0,Podium,19.0,46.31578947368421,-90.4083600209166,0,1,19.0
2023_Bahrain,VER,34.0,Podium,20.0,44.3859649122807,-119.90815215528102,0,1,20.0
2023_Bahrain,VER,35.0,Podium,21.0,42.45614035087719,-153.26759341245236,0,1,21.0
2023_Bahrain,VER,36.0,Podium,22.0,40.526315789473685,-190.4866837924307,0,1,22.0
2023_Bahrain,VER,37.0,Podium,1.0,38.59649122807018,154.76533250423512,0,0,1.0
2023_Bahrain,VER,38.0,Podium,2.0,36.66666666666667,152.2830842295199,0,0,2.0
2023_Bahrain,VER,39.0,Podium,3.0,34.736842105263165,145.94118683199764,0,0,3.0
2023_Bahrain,VER,40.0,Podium,4.0,32.807017543859644,135.73964031166847,0,0,4.0
2023_Bahrain,VER,41.0,Podium,5.0,30.877192982456137,121.67844466853217,0,0,5.0
2023_Bahrain,VER,42.0,Podium,6.0,28.94736842105263,103.75759990258885,0,0,6.0
2023_Bahrain,VER,43.0,Podium,7.0,27.017543859649123,81.97710601383852,0,0,7.0
2023_Bahrain,VER,44.0,Podium,8.0,25.087719298245617,56.336963002281195,0,0,8.0
2023_Bahrain,VER,45.0,Podium,9.0,23.15789473684211,26.837170867916846,0,0,9.0
2023_Bahrain,VER,46.0,Podium,10.0,21.228070175438603,-6.522270389254517,0,0,10.0
2023_Bahrain,VER,47.0,Podium,11.0,19.298245614035082,-43.74136076923291,0,0,11.0
2023_Bahrain,VER,48.0,Podium,12.0,17.368421052631575,-84.82010027201831,0,0,12.0
2023_Bahrain,VER,49.0,Podium,13.0,15.438596491228068,-129.75848889761073,0,0,13.0
2023_Bahrain,VER,50.0,Podium,14.0,13.508771929824562,-178.55652664601016,0,0,14.0
2023_Bahrain,VER,51.0,Podium,15.0,11.578947368421055,-231.21421351721662,0,0,15.0
2023_Bahrain,VER,52.0,Podium,16.0,9.649122807017548,-287.73154951123007,0,0,16.0
2023_Bahrain,VER,53.0,Podium,17.0,7.719298245614041,-348.10853462805056,0,0,17.0
2023_Bahrain,VER,54.0,Podium,18.0,5.78947368421052,-412.3451688676781,0,0,18.0
2023_Bahrain,VER,55.0,Podium,19.0,3.8596491228070136,-480.44145223011265,0,0,19.0
2023_Bahrain,VER,56.0,Podium,20.0,1.9298245614035068,-552.3973847153542,0,0,20.0
2023_Bahrain,VER,57.0,Podium,21.0,0.0,-628.2129663234027,0,0,21.0
2023_Bahrain,GAS,1.0,No Points,1.0,108.0701754385965,-457.5250142156451,0,1,1.0
2023_Bahrain,GAS,2.0,No Points,2.0,106.14035087719299,-390.53357827983405,0,1,2.0
2023_Bahrain,GAS,3.0,No Points,3.0,104.21052631578948,-327.40179146683,0,1,3.0
2023_Bahrain,GAS,4.0,No Points,4.0,102.28070175438596,-268.12965377663284,0,1,4.0
2023_Bahrain,GAS,5.0,No Points,5.0,100.35087719298245,-212.71716520924284,0,1,5.0
2023_Bahrain,GAS,6.0,No Points,6.0,98.42105263157895,-161.16432576465982,0,1,6.0
2023_Bahrain,GAS,7.0,No Points,7.0,96.49122807017544,-113.47113544288382,0,1,7.0
2023_Bahrain,GAS,8.0,No Points,8.0,94.56140350877193,-69.63759424391485,0,1,8.0
2023_Bahrain,GAS,9.0,No Points,9.0,92.63157894736842,-29.66370216775288,0,1,9.0
2023_Bahrain,GAS,10.0,No Points,1.0,90.7017543859649,-304.452427535675,0,0,1.0
2023_Bahrain,GAS,11.0,No Points,2.0,88.7719298245614,-254.82941265249548,0,0,2.0
2023_Bahrain,GAS,12.0,No Points,3.0,86.84210526315789,-209.066046892123,0,0,3.0
2023_Bahrain,GAS,13.0,No Points,4.0,84.91228070175438,-167.16233025455753,0,0,4.0
2023_Bahrain,GAS,14.0,No Points,5.0,82.98245614035088,-129.1182627397991,0,0,5.0
2023_Bahrain,GAS,15.0,No Points,6.0,81.05263157894737,-94.93384434784767,0,0,6.0
2023_Bahrain,GAS,16.0,No Points,7.0,79.12280701754386,-64.60907507870324,0,0,7.0
2023_Bahrain,GAS,17.0,No Points,8.0,77.19298245614036,-38.143954932365844,0,0,8.0
2023_Bahrain,GAS,18.0,No Points,9.0,75.26315789473685,-15.53848390883545,0,0,9.0
2023_Bahrain,GAS,19.0,No Points,10.0,73.33333333333334,3.2073379918879263,0,0,10.0
2023_Bahrain,GAS,20.0,No Points,11.0,71.40350877192982,18.093510769804272,0,0,11.0
2023_Bahrain,GAS,21.0,No Points,12.0,69.47368421052632,29.12003442491361,0,0,12.0
2023_Bahrain,GAS,22.0,No Points,13.0,67.54385964912281,36.286908957215935,0,0,13.0
2023_Bahrain,GAS,23.0,No Points,14.0,65.6140350877193,39.59413436671124,0,0,14.0
2023_Bahrain,GAS,24.0,No Points,15.0,63.68421052631579,39.0417106533995,0,0,15.0
2023_Bahrain,GAS,25.0,No Points,16.0,61.75438596491228,34.62963781728077,0,0,16.0
2023_Bahrain,GAS,26.0,No Points,1.0,59.824561403508774,-32.32338454906161,0,0,1.0
2023_Bahrain,GAS,27.0,No Points,2.0,57.89473684210526,-13.577562648338196,0,0,2.0
2023_Bahrain,GAS,28.0,No Points,3.0,55.96491228070175,1.30861012957814,0,0,3.0
2023_Bahrain,GAS,29.0,No Points,4.0,54.03508771929825,12.335133784687462,0,0,4.0
2023_Bahrain,GAS,30.0,No Points,5.0,52.10526315789474,19.50200831698977,0,0,5.0
2023_Bahrain,GAS,31.0,No Points,6.0,50.175438596491226,22.809233726485093,0,0,6.0
2023_Bahrain,GAS,32.0,No Points,7.0,48.24561403508772,22.256810013173368,0,0,7.0
2023_Bahrain,GAS,33.0,No Points,8.0,46.31578947368421,17.844737177054625,0,0,8.0
2023_Bahrain,GAS,34.0,No Points,9.0,44.3859649122807,9.57301521812888,0,0,9.0
2023_Bahrain,GAS,35.0,No Points,10.0,42.45614035087719,-2.558355863603894,0,0,10.0
2023_Bahrain,GAS,36.0,No Points,11.0,40.526315789473685,-18.54937606814368,0,0,11.0
2023_Bahrain,GAS,37.0,No Points,12.0,38.59649122807018,-38.40004539549048,0,0,12.0
2023_Bahrain,GAS,38.0,No Points,13.0,36.66666666666667,-62.110363845644294,0,0,13.0
2023_Bahrain,GAS,39.0,No Points,14.0,34.736842105263165,-89.68033141860512,0,0,14.0
2023_Bahrain,GAS,40.0,Point Scorer,15.0,32.807017543859644,-121.10994811437304,0,0,15.0
2023_Bahrain,GAS,41.0,Point Scorer,1.0,30.877192982456137,222.79759325088855,0,1,1.0
2023_Bahrain,GAS,42.0,Point Scorer,2.0,28.94736842105263,212.59604673055927,0,1,2.0
2023_Bahrain,GAS,43.0,Point Scorer,3.0,27.017543859649123,198.53485108742296,0,1,3.0
2023_Bahrain,GAS,44.0,Point Scorer,4.0,25.087719298245617,180.61400632147965,0,1,4.0
2023_Bahrain,GAS,45.0,Point Scorer,5.0,23.15789473684211,158.83351243272935,0,1,5.0
2023_Bahrain,GAS,46.0,Point Scorer,6.0,21.228070175438603,133.193369421172,0,1,6.0
2023_Bahrain,GAS,47.0,Point Scorer,7.0,19.298245614035082,103.6935772868077,0,1,7.0
2023_Bahrain,GAS,48.0,Point Scorer,8.0,17.368421052631575,70.33413602963633,0,1,8.0
2023_Bahrain,GAS,49.0,Point Scorer,9.0,15.438596491228068,33.11504564965793,0,1,9.0
2023_Bahrain,GAS,50.0,Point Scorer,10.0,13.508771929824562,-7.963693853127473,0,1,10.0
2023_Bahrain,GAS,51.0,Point Scorer,11.0,11.578947368421055,-52.90208247871989,0,1,11.0
2023_Bahrain,GAS,52.0,Point Scorer,12.0,9.649122807017548,-101.70012022711933,0,1,12.0
2023_Bahrain,GAS,53.0,Point Scorer,13.0,7.719298245614041,-154.35780709832576,0,1,13.0
2023_Bahrain,GAS,54.0,Point Scorer,14.0,5.78947368421052,-210.87514309233927,0,1,14.0
2023_Bahrain,GAS,55.0,Point Scorer,15.0,3.8596491228070136,-271.25212820915976,0,1,15.0
2023_Bahrain,GAS,56.0,Point Scorer,16.0,1.9298245614035068,-335.48876244878727,0,1,16.0
2023_Bahrain,GAS,57.0,Point Scorer,17.0,0.0,-403.5850458112218,0,1,17.0
2023_Bahrain,PER,1.0,Podium,4.0,108.0701754385965,-301.78542828399134,0,1,4.0
2023_Bahrain,PER,2.0,Podium,5.0,106.14035087719299,-240.5834660323908,0,1,5.0
2023_Bahrain,PER,3.0,Podium,6.0,104.21052631578948,-183.24115290359725,0,1,6.0
2023_Bahrain,PER,4.0,Podium,7.0,102.28070175438596,-129.75848889761068,0,1,7.0
2023_Bahrain,PER,5.0,Podium,8.0,100.35087719298245,-80.13547401443117,0,1,8.0
2023_Bahrain,PER,6.0,Podium,9.0,98.42105263157895,-34.37210825405869,0,1,9.0
2023_Bahrain,PER,7.0,Podium,10.0,96.49122807017544,7.531608383506788,0,1,10.0
2023_Bahrain,PER,8.0,Podium,11.0,94.56140350877193,45.575675898265246,0,1,11.0
2023_Bahrain,PER,9.0,Podium,12.0,92.63157894736842,79.7600942902167,0,1,12.0
2023_Bahrain,PER,10.0,Podium,13.0,90.7017543859649,110.08486355936108,0,1,13.0
2023_Bahrain,PER,11.0,Podium,14.0,88.7719298245614,136.54998370569848,0,1,14.0
2023_Bahrain,PER,12.0,Podium,15.0,86.84210526315789,159.15545472922886,0,1,15.0
2023_Bahrain,PER,13.0,Podium,16.0,84.91228070175438,177.90127662995226,0,1,16.0
2023_Bahrain,PER,14.0,Podium,17.0,82.98245614035088,192.78744940786862,0,1,17.0
2023_Bahrain,PER,15.0,Podium,18.0,81.05263157894737,203.81397306297796,0,1,18.0
2023_Bahrain,PER,16.0,Podium,19.0,79.12280701754386,210.9808475952803,0,1,19.0
2023_Bahrain,PER,17.0,Podium,20.0,77.19298245614036,214.28807300477564,0,1,20.0
2023_Bahrain,PER,18.0,Podium,3.0,75.26315789473685,-130.17555050898514,0,1,3.0
2023_Bahrain,PER,19.0,Podium,4.0,73.33333333333334,-99.85078123984073,0,1,4.0
2023_Bahrain,PER,20.0,Podium,5.0,71.40350877192982,-73.38566109350326,0,1,5.0
2023_Bahrain,PER,21.0,Podium,6.0,69.47368421052632,-50.780190069972875,0,1,6.0
2023_Bahrain,PER,22.0,Podium,7.0,67.54385964912281,-32.03436816924951,0,1,7.0
2023_Bahrain,PER,23.0,Podium,8.0,65.6140350877193,-17.148195391333164,0,1,8.0
2023_Bahrain,PER,24.0,Podium,9.0,63.68421052631579,-6.121671736223822,0,1,9.0
2023_Bahrain,PER,25.0,Podium,10.0,61.75438596491228,1.0452027960784926,0,1,10.0
2023_Bahrain,PER,26.0,Podium,11.0,59.824561403508774,4.352428205573795,0,1,11.0
2023_Bahrain,PER,27.0,Podium,12.0,57.89473684210526,3.8000044922620675,0,1,12.0
2023_Bahrain,PER,28.0,Podium,13.0,55.96491228070175,-0.6120683438566649,0,1,13.0
2023_Bahrain,PER,29.0,Podium,14.0,54.03508771929825,-8.88379030278241,0,1,14.0
2023_Bahrain,PER,30.0,Podium,15.0,52.10526315789474,-21.01516138451517,0,1,15.0
2023_Bahrain,PER,31.0,Podium,16.0,50.175438596491226,-37.00618158905499,0,1,16.0
2023_Bahrain,PER,32.0,Podium,17.0,48.24561403508772,-56.85685091640178,0,1,17.0
2023_Bahrain,PER,33.0,Podium,18.0,46.31578947368421,-80.56716936655559,0,1,18.0
2023_Bahrain,PER,34.0,Podium,19.0,44.3859649122807,-108.13713693951648,0,1,19.0
2023_Bahrain,PER,35.0,Podium,1.0,42.45614035087719,120.74920213090849,0,0,1.0
2023_Bahrain,PER,36.0,Podium,2.0,40.526315789473685,122.12660297900025,0,0,2.0
2023_Bahrain,PER,37.0,Podium,3.0,38.59649122807018,119.64435470428502,0,0,3.0
2023_Bahrain,PER,38.0,Podium,4.0,36.66666666666667,113.30245730676276,0,0,4.0
2023_Bahrain,PER,39.0,Podium,5.0,34.736842105263165,103.1009107864335,0,0,5.0
2023_Bahrain,PER,40.0,Podium,6.0,32.807017543859644,89.03971514329727,0,0,6.0
2023_Bahrain,PER,41.0,Podium,7.0,30.877192982456137,71.11887037735397,0,0,7.0
2023_Bahrain,PER,42.0,Podium,8.0,28.94736842105263,49.33837648860364,0,0,8.0
2023_Bahrain,PER,43.0,Podium,9.0,27.017543859649123,23.69823347704631,0,0,9.0
2023_Bahrain,PER,44.0,Podium,10.0,25.087719298245617,-5.801558657318041,0,0,10.0
2023_Bahrain,PER,45.0,Podium,11.0,23.15789473684211,-39.1609999144894,0,0,11.0
2023_Bahrain,PER,46.0,Podium,12.0,21.228070175438603,-76.38009029446778,0,0,12.0
2023_Bahrain,PER,47.0,Podium,13.0,19.298245614035082,-117.45882979725322,0,0,13.0
2023_Bahrain,PER,48.0,Podium,14.0,17.368421052631575,-162.39721842284564,0,0,14.0
2023_Bahrain,PER,49.0,Podium,15.0,15.438596491228068,-211.19525617124506,0,0,15.0
2023_Bahrain,PER,50.0,Podium,16.0,13.508771929824562,-263.8529430424515,0,0,16.0
2023_Bahrain,PER,51.0,Podium,17.0,11.578947368421055,-320.370279036465,0,0,17.0
2023_Bahrain,PER,52.0,Podium,18.0,9.649122807017548,-380.7472641532854,0,0,18.0
2023_Bahrain,PER,53.0,Podium,19.0,7.719298245614041,-444.9838983929129,0,0,19.0
2023_Bahrain,PER,54.0,Podium,20.0,5.78947368421052,-513.0801817553476,0,0,20.0
2023_Bahrain,PER,55.0,Podium,21.0,3.8596491228070136,-585.0361142405891,0,0,21.0
2023_Bahrain,PER,56.0,Podium,22.0,1.9298245614035068,-660.8516958486376,0,0,22.0
2023_Bahrain,PER,57.0,Podium,23.0,0.0,-740.5269265794932,0,0,23.0
2023_Bahrain,ALO,1.0,Podium,4.0,108.0701754385965,-301.78542828399134,0,1,4.0
2023_Bahrain,ALO,2.0,Podium,5.0,106.14035087719299,-240.5834660323908,0,1,5.0
2023_Bahrain,ALO,3.0,Podium,6.0,104.21052631578948,-183.24115290359725,0,1,6.0
2023_Bahrain,ALO,4.0,Podium,7.0,102.28070175438596,-129.75848889761068,0,1,7.0
2023_Bahrain,ALO,5.0,Podium,8.0,100.35087719298245,-80.13547401443117,0,1,8.0
2023_Bahrain,ALO,6.0,Podium,9.0,98.42105263157895,-34.37210825405869,0,1,9.0
2023_Bahrain,ALO,7.0,Podium,10.0,96.49122807017544,7.531608383506788,0,1,10.0
2023_Bahrain,ALO,8.0,Podium,11.0,94.56140350877193,45.575675898265246,0,1,11.0
2023_Bahrain,ALO,9.0,Podium,12.0,92.63157894736842,79.7600942902167,0,1,12.0
2023_Bahrain,ALO,10.0,Podium,13.0,90.7017543859649,110.08486355936108,0,1,13.0
2023_Bahrain,ALO,11.0,Podium,14.0,88.7719298245614,136.54998370569848,0,1,14.0
2023_Bahrain,ALO,12.0,Podium,15.0,86.84210526315789,159.15545472922886,0,1,15.0
2023_Bahrain,ALO,13.0,Podium,16.0,84.91228070175438,177.90127662995226,0,1,16.0
2023_Bahrain,ALO,14.0,Podium,17.0,82.98245614035088,192.78744940786862,0,1,17.0
2023_Bahrain,ALO,15.0,Podium,1.0,81.05263157894737,-219.41210160235835,0,0,1.0
2023_Bahrain,ALO,16.0,Podium,2.0,79.12280701754386,-179.4382095261964,0,0,2.0
2023_Bahrain,ALO,17.0,Podium,3.0,77.19298245614036,-143.32396657284144,0,0,3.0
2023_Bahrain,ALO,18.0,Podium,4.0,75.26315789473685,-111.06937274229352,0,0,4.0
2023_Bahrain,ALO,19.0,Podium,5.0,73.33333333333334,-82.67442803455262,0,0,5.0
2023_Bahrain,ALO,20.0,Podium,6.0,71.40350877192982,-58.139132449618664,0,0,6.0
2023_Bahrain,ALO,21.0,Podium,7.0,69.47368421052632,-37.463485987491794,0,0,7.0
2023_Bahrain,ALO,22.0,Podium,8.0,67.54385964912281,-20.64748864817194,0,0,8.0
2023_Bahrain,ALO,23.0,Podium,9.0,65.6140350877193,-7.691140431659097,0,0,9.0
2023_Bahrain,ALO,24.0,Podium,10.0,63.68421052631579,1.405558662046731,0,0,10.0
2023_Bahrain,ALO,25.0,Podium,11.0,61.75438596491228,6.64260863294554,0,0,11.0
2023_Bahrain,ALO,26.0,Podium,12.0,59.824561403508774,8.020009481037334,0,0,12.0
2023_Bahrain,ALO,27.0,Podium,13.0,57.89473684210526,5.537761206322093,0,0,13.0
2023_Bahrain,ALO,28.0,Podium,14.0,55.96491228070175,-0.8041361912001453,0,0,14.0
2023_Bahrain,ALO,29.0,Podium,15.0,54.03508771929825,-11.005682711529397,0,0,15.0
2023_Bahrain,ALO,30.0,Podium,16.0,52.10526315789474,-25.066878354665665,0,0,16.0
2023_Bahrain,ALO,31.0,Podium,17.0,50.175438596491226,-42.987723120609,0,0,17.0
2023_Bahrain,ALO,32.0,Podium,18.0,48.24561403508772,-64.76821700935929,0,0,18.0
2023_Bahrain,ALO,33.0,Podium,19.0,46.31578947368421,-90.4083600209166,0,0,19.0
2023_Bahrain,ALO,34.0,Podium,20.0,44.3859649122807,-119.90815215528102,0,0,20.0
2023_Bahrain,ALO,35.0,Podium,1.0,42.45614035087719,120.74920213090849,0,0,1.0
2023_Bahrain,ALO,36.0,Podium,2.0,40.526315789473685,122.12660297900025,0,0,2.0
2023_Bahrain,ALO,37.0,Podium,3.0,38.59649122807018,119.64435470428502,0,0,3.0
2023_Bahrain,ALO,38.0,Podium,4.0,36.66666666666667,113.30245730676276,0,0,4.0
2023_Bahrain,ALO,39.0,Podium,5.0,34.736842105263165,103.1009107864335,0,0,5.0
2023_Bahrain,ALO,40.0,Podium,6.0,32.807017543859644,89.03971514329727,0,0,6.0
2023_Bahrain,ALO,41.0,Podium,7.0,30.877192982456137,71.11887037735397,0,0,7.0
2023_Bahrain,ALO,42.0,Podium,8.0,28.94736842105263,49.33837648860364,0,0,8.0
2023_Bahrain,ALO,43.0,Podium,9.0,27.017543859649123,23.69823347704631,0,0,9.0
2023_Bahrain,ALO,44.0,Podium,10.0,25.087719298245617,-5.801558657318041,0,0,10.0
2023_Bahrain,ALO,45.0,Podium,11.0,23.15789473684211,-39.1609999144894,0,0,11.0
2023_Bahrain,ALO,46.0,Podium,12.0,21.228070175438603,-76.38009029446778,0,0,12.0
2023_Bahrain,ALO,47.0,Podium,13.0,19.298245614035082,-117.45882979725322,0,0,13.0
2023_Bahrain,ALO,48.0,Podium,14.0,17.368421052631575,-162.39721842284564,0,0,14.0
2023_Bahrain,ALO,49.0,Podium,15.0,15.438596491228068,-211.19525617124506,0,0,15.0
2023_Bahrain,ALO,50.0,Podium,16.0,13.508771929824562,-263.8529430424515,0,0,16.0
2023_Bahrain,ALO,51.0,Podium,17.0,11.578947368421055,-320.370279036465,0,0,17.0
2023_Bahrain,ALO,52.0,Podium,18.0,9.649122807017548,-380.7472641532854,0,0,18.0
2023_Bahrain,ALO,53.0,Podium,19.0,7.719298245614041,-444.9838983929129,0,0,19.0
2023_Bahrain,ALO,54.0,Podium,20.0,5.78947368421052,-513.0801817553476,0,0,20.0
2023_Bahrain,ALO,55.0,Podium,21.0,3.8596491228070136,-585.0361142405891,0,0,21.0
2023_Bahrain,ALO,56.0,Podium,22.0,1.9298245614035068,-660.8516958486376,0,0,22.0
2023_Bahrain,ALO,57.0,Podium,23.0,0.0,-740.5269265794932,0,0,23.0
2023_Bahrain,LEC,1.0,No Points,1.0,108.0701754385965,-457.5250142156451,0,1,1.0
2023_Bahrain,LEC,2.0,No Points,2.0,106.14035087719299,-390.53357827983405,0,1,2.0
2023_Bahrain,LEC,3.0,No Points,3.0,104.21052631578948,-327.40179146683,0,1,3.0
2023_Bahrain,LEC,4.0,No Points,4.0,102.28070175438596,-268.12965377663284,0,1,4.0
2023_Bahrain,LEC,5.0,No Points,5.0,100.35087719298245,-212.71716520924284,0,1,5.0
2023_Bahrain,LEC,6.0,No Points,6.0,98.42105263157895,-161.16432576465982,0,1,6.0
2023_Bahrain,LEC,7.0,No Points,7.0,96.49122807017544,-113.47113544288382,0,1,7.0
2023_Bahrain,LEC,8.0,No Points,8.0,94.56140350877193,-69.63759424391485,0,1,8.0
2023_Bahrain,LEC,9.0,No Points,9.0,92.63157894736842,-29.66370216775288,0,1,9.0
2023_Bahrain,LEC,10.0,No Points,10.0,90.7017543859649,6.450540785602071,0,1,10.0
2023_Bahrain,LEC,11.0,No Points,11.0,88.7719298245614,38.70513461615,0,1,11.0
2023_Bahrain,LEC,12.0,No Points,12.0,86.84210526315789,67.10007932389091,0,1,12.0
2023_Bahrain,LEC,13.0,No Points,13.0,84.91228070175438,91.6353749088248,0,1,13.0
2023_Bahrain,LEC,14.0,No Points,1.0,82.98245614035088,-236.42016678902166,0,0,1.0
2023_Bahrain,LEC,15.0,No Points,2.0,81.05263157894737,-194.5164501514562,0,0,2.0
2023_Bahrain,LEC,16.0,No Points,3.0,79.12280701754386,-156.47238263669777,0,0,3.0
2023_Bahrain,LEC,17.0,No Points,4.0,77.19298245614036,-122.28796424474633,0,0,4.0
2023_Bahrain,LEC,18.0,No Points,5.0,75.26315789473685,-91.96319497560191,0,0,5.0
2023_Bahrain,LEC,19.0,No Points,6.0,73.33333333333334,-65.49807482926451,0,0,6.0
2023_Bahrain,LEC,20.0,No Points,7.0,71.40350877192982,-42.892603805734076,0,0,7.0
2023_Bahrain,LEC,21.0,No Points,8.0,69.47368421052632,-24.146781905010716,0,0,8.0
2023_Bahrain,LEC,22.0,No Points,9.0,67.54385964912281,-9.260609127094366,0,0,9.0
2023_Bahrain,LEC,23.0,No Points,10.0,65.6140350877193,1.7659145280149706,0,0,10.0
2023_Bahrain,LEC,24.0,No Points,11.0,63.68421052631579,8.932789060317285,0,0,11.0
2023_Bahrain,LEC,25.0,No Points,12.0,61.75438596491228,12.240014469812587,0,0,12.0
2023_Bahrain,LEC,26.0,No Points,13.0,59.824561403508774,11.687590756500875,0,0,13.0
2023_Bahrain,LEC,27.0,No Points,14.0,57.89473684210526,7.27551792038212,0,0,14.0
2023_Bahrain,LEC,28.0,No Points,15.0,55.96491228070175,-0.9962040385436258,0,0,15.0
2023_Bahrain,LEC,29.0,No Points,16.0,54.03508771929825,-13.127575120276385,0,0,16.0
2023_Bahrain,LEC,30.0,No Points,17.0,52.10526315789474,-29.11859532481616,0,0,17.0
2023_Bahrain,LEC,31.0,No Points,18.0,50.175438596491226,-48.969264652163005,0,0,18.0
2023_Bahrain,LEC,32.0,No Points,19.0,48.24561403508772,-72.67958310231681,0,0,19.0
2023_Bahrain,LEC,33.0,No Points,20.0,46.31578947368421,-100.24955067527763,0,0,20.0
2023_Bahrain,LEC,34.0,No Points,1.0,44.3859649122807,103.74113694424516,0,0,1.0
2023_Bahrain,LEC,35.0,No Points,2.0,42.45614035087719,107.04836235374044,0,0,2.0
2023_Bahrain,LEC,36.0,No Points,3.0,40.526315789473685,106.4959386404287,0,0,3.0
2023_Bahrain,LEC,37.0,No Points,4.0,38.59649122807018,102.08386580430997,0,0,4.0
2023_Bahrain,LEC,38.0,No Points,5.0,36.66666666666667,93.8121438453842,0,0,5.0
2023_Bahrain,LEC,39.0,No Points,6.0,34.736842105263165,81.68077276365143,0,0,6.0
2023_Bahrain,STR,1.0,Point Scorer,4.0,108.0701754385965,-301.78542828399134,0,1,4.0
2023_Bahrain,STR,2.0,Point Scorer,5.0,106.14035087719299,-240.5834660323908,0,1,5.0
2023_Bahrain,STR,3.0,Point Scorer,6.0,104.21052631578948,-183.24115290359725,0,1,6.0
2023_Bahrain,STR,4.0,Point Scorer,7.0,102.28070175438596,-129.75848889761068,0,1,7.0
2023_Bahrain,STR,5.0,Point Scorer,8.0,100.35087719298245,-80.13547401443117,0,1,8.0
2023_Bahrain,STR,6.0,Point Scorer,9.0,98.42105263157895,-34.37210825405869,0,1,9.0
2023_Bahrain,STR,7.0,Point Scorer,10.0,96.49122807017544,7.531608383506788,0,1,10.0
2023_Bahrain,STR,8.0,Point Scorer,11.0,94.56140350877193,45.575675898265246,0,1,11.0
2023_Bahrain,STR,9.0,Point Scorer,12.0,92.63157894736842,79.7600942902167,0,1,12.0
2023_Bahrain,STR,10.0,Point Scorer,13.0,90.7017543859649,110.08486355936108,0,1,13.0
2023_Bahrain,STR,11.0,Point Scorer,14.0,88.7719298245614,136.54998370569848,0,1,14.0
2023_Bahrain,STR,12.0,Point Scorer,15.0,86.84210526315789,159.15545472922886,0,1,15.0
2023_Bahrain,STR,13.0,Point Scorer,16.0,84.91228070175438,177.90127662995226,0,1,16.0
2023_Bahrain,STR,14.0,Point Scorer,17.0,82.98245614035088,192.78744940786862,0,1,17.0
2023_Bahrain,STR,15.0,Point Scorer,18.0,81.05263157894737,203.81397306297796,0,1,18.0
2023_Bahrain,STR,16.0,Point Scorer,1.0,79.12280701754386,-202.40403641569503,0,0,1.0
2023_Bahrain,STR,17.0,Point Scorer,2.0,77.19298245614036,-164.35996890093656,0,0,2.0
2023_Bahrain,STR,18.0,Point Scorer,3.0,75.26315789473685,-130.17555050898514,0,0,3.0
2023_Bahrain,STR,19.0,Point Scorer,4.0,73.33333333333334,-99.85078123984073,0,0,4.0
2023_Bahrain,STR,20.0,Point Scorer,5.0,71.40350877192982,-73.38566109350326,0,0,5.0
2023_Bahrain,STR,21.0,Point Scorer,6.0,69.47368421052632,-50.780190069972875,0,0,6.0
2023_Bahrain,STR,22.0,Point Scorer,7.0,67.54385964912281,-32.03436816924951,0,0,7.0
2023_Bahrain,STR,23.0,Point Scorer,8.0,65.6140350877193,-17.148195391333164,0,0,8.0
2023_Bahrain,STR,24.0,Point Scorer,9.0,63.68421052631579,-6.121671736223822,0,0,9.0
2023_Bahrain,STR,25.0,Point Scorer,10.0,61.75438596491228,1.0452027960784926,0,0,10.0
2023_Bahrain,STR,26.0,Point Scorer,11.0,59.824561403508774,4.352428205573795,0,0,11.0
2023_Bahrain,STR,27.0,Point Scorer,12.0,57.89473684210526,3.8000044922620675,0,0,12.0
2023_Bahrain,STR,28.0,Point Scorer,13.0,55.96491228070175,-0.6120683438566649,0,0,13.0
2023_Bahrain,STR,29.0,Point Scorer,14.0,54.03508771929825,-8.88379030278241,0,0,14.0
2023_Bahrain,STR,30.0,Point Scorer,15.0,52.10526315789474,-21.01516138451517,0,0,15.0
2023_Bahrain,STR,31.0,Point Scorer,1.0,50.175438596491226,52.71694138425513,0,0,1.0
2023_Bahrain,STR,32.0,Point Scorer,2.0,48.24561403508772,61.81364047796094,0,0,2.0
2023_Bahrain,STR,33.0,Point Scorer,3.0,46.31578947368421,67.05069044885974,0,0,3.0
2023_Bahrain,STR,34.0,Point Scorer,4.0,44.3859649122807,68.42809129695155,0,0,4.0
2023_Bahrain,STR,35.0,Point Scorer,5.0,42.45614035087719,65.94584302223632,0,0,5.0
2023_Bahrain,STR,36.0,Point Scorer,6.0,40.526315789473685,59.603945624714065,0,0,6.0
2023_Bahrain,STR,37.0,Point Scorer,7.0,38.59649122807018,49.4023991043848,0,0,7.0
2023_Bahrain,STR,38.0,Point Scorer,8.0,36.66666666666667,35.34120346124852,0,0,8.0
2023_Bahrain,STR,39.0,Point Scorer,9.0,34.736842105263165,17.42035869530522,0,0,9.0
2023_Bahrain,STR,40.0,Point Scorer,10.0,32.807017543859644,-4.360135193445088,0,0,10.0
2023_Bahrain,STR,41.0,Point Scorer,11.0,30.877192982456137,-30.000278205002424,0,0,11.0
2023_Bahrain,STR,42.0,Point Scorer,12.0,28.94736842105263,-59.50007033936677,0,0,12.0
2023_Bahrain,STR,43.0,Point Scorer,13.0,27.017543859649123,-92.85951159653814,0,0,13.0
2023_Bahrain,STR,44.0,Point Scorer,14.0,25.087719298245617,-130.07860197651652,0,0,14.0
2023_Bahrain,STR,45.0,Point Scorer,15.0,23.15789473684211,-171.1573414793019,0,0,15.0
2023_Bahrain,STR,46.0,Point Scorer,16.0,21.228070175438603,-216.0957301048943,0,0,16.0
2023_Bahrain,STR,47.0,Point Scorer,17.0,19.298245614035082,-264.8937678532938,0,0,17.0
2023_Bahrain,STR,48.0,Point Scorer,18.0,17.368421052631575,-317.5514547245003,0,0,18.0
2023_Bahrain,STR,49.0,Point Scorer,19.0,15.438596491228068,-374.0687907185137,0,0,19.0
2023_Bahrain,STR,50.0,Point Scorer,20.0,13.508771929824562,-434.4457758353342,0,0,20.0
2023_Bahrain,STR,51.0,Point Scorer,21.0,11.578947368421055,-498.6824100749617,0,0,21.0
2023_Bahrain,STR,52.0,Point Scorer,22.0,9.649122807017548,-566.7786934373962,0,0,22.0
2023_Bahrain,STR,53.0,Point Scorer,23.0,7.719298245614041,-638.7346259226377,0,0,23.0
2023_Bahrain,STR,54.0,Point Scorer,24.0,5.78947368421052,-714.5502075306864,0,0,24.0
2023_Bahrain,STR,55.0,Point Scorer,25.0,3.8596491228070136,-794.225438261542,0,0,25.0
2023_Bahrain,STR,56.0,Point Scorer,26.0,1.9298245614035068,-877.7603181152045,0,0,26.0
2023_Bahrain,STR,57.0,Point Scorer,27.0,0.0,-965.1548470916741,0,0,27.0
2023_Bahrain,SAR,1.0,No Points,1.0,108.0701754385965,-457.5250142156451,0,1,1.0
2023_Bahrain,SAR,2.0,No Points,2.0,106.14035087719299,-390.53357827983405,0,1,2.0
2023_Bahrain,SAR,3.0,No Points,3.0,104.21052631578948,-327.40179146683,0,1,3.0
2023_Bahrain,SAR,4.0,No Points,4.0,102.28070175438596,-268.12965377663284,0,1,4.0
2023_Bahrain,SAR,5.0,No Points,5.0,100.35087719298245,-212.71716520924284,0,1,5.0
2023_Bahrain,SAR,6.0,No Points,6.0,98.42105263157895,-161.16432576465982,0,1,6.0
2023_Bahrain,SAR,7.0,No Points,7.0,96.49122807017544,-113.47113544288382,0,1,7.0
2023_Bahrain,SAR,8.0,No Points,8.0,94.56140350877193,-69.63759424391485,0,1,8.0
2023_Bahrain,SAR,9.0,No Points,9.0,92.63157894736842,-29.66370216775288,0,1,9.0
2023_Bahrain,SAR,10.0,No Points,10.0,90.7017543859649,6.450540785602071,0,1,10.0
2023_Bahrain,SAR,11.0,No Points,11.0,88.7719298245614,38.70513461615,0,1,11.0
2023_Bahrain,SAR,12.0,No Points,12.0,86.84210526315789,67.10007932389091,0,1,12.0
2023_Bahrain,SAR,13.0,No Points,1.0,84.91228070175438,-253.42823197568498,0,1,1.0
2023_Bahrain,SAR,14.0,No Points,2.0,82.98245614035088,-209.59469077671602,0,1,2.0
2023_Bahrain,SAR,15.0,No Points,3.0,81.05263157894737,-169.62079870055408,0,1,3.0
2023_Bahrain,SAR,16.0,No Points,4.0,79.12280701754386,-133.50655574719914,0,1,4.0
2023_Bahrain,SAR,17.0,No Points,5.0,77.19298245614036,-101.25196191665121,0,1,5.0
2023_Bahrain,SAR,18.0,No Points,6.0,75.26315789473685,-72.85701720891029,0,1,6.0
2023_Bahrain,SAR,19.0,No Points,7.0,73.33333333333334,-48.3217216239764,0,1,7.0
2023_Bahrain,SAR,20.0,No Points,8.0,71.40350877192982,-27.64607516184949,0,1,8.0
2023_Bahrain,SAR,21.0,No Points,9.0,69.47368421052632,-10.830077822529635,0,1,9.0
2023_Bahrain,SAR,22.0,No Points,10.0,67.54385964912281,2.1262703939832086,0,1,10.0
2023_Bahrain,SAR,23.0,No Points,11.0,65.6140350877193,11.222969487689038,0,1,11.0
2023_Bahrain,SAR,24.0,No Points,12.0,63.68421052631579,16.460019458587837,0,1,12.0
2023_Bahrain,SAR,25.0,No Points,13.0,61.75438596491228,17.837420306679633,0,1,13.0
2023_Bahrain,SAR,26.0,No Points,14.0,59.824561403508774,15.355172031964415,0,1,14.0
2023_Bahrain,SAR,27.0,No Points,15.0,57.89473684210526,9.013274634442146,0,1,15.0
2023_Bahrain,SAR,28.0,No Points,16.0,55.96491228070175,-1.1882718858871062,0,1,16.0
2023_Bahrain,SAR,29.0,No Points,17.0,54.03508771929825,-15.249467529023372,0,1,17.0
2023_Bahrain,SAR,30.0,No Points,18.0,52.10526315789474,-33.17031229496665,0,1,18.0
2023_Bahrain,SAR,31.0,No Points,1.0,50.175438596491226,52.71694138425513,0,0,1.0
2023_Bahrain,SAR,32.0,No Points,2.0,48.24561403508772,61.81364047796094,0,0,2.0
2023_Bahrain,SAR,33.0,No Points,3.0,46.31578947368421,67.05069044885974,0,0,3.0
2023_Bahrain,SAR,34.0,No Points,4.0,44.3859649122807,68.42809129695155,0,0,4.0
2023_Bahrain,SAR,35.0,No Points,5.0,42.45614035087719,65.94584302223632,0,0,5.0
2023_Bahrain,SAR,36.0,No Points,6.0,40.526315789473685,59.603945624714065,0,0,6.0
2023_Bahrain,SAR,37.0,No Points,7.0,38.59649122807018,49.4023991043848,0,0,7.0
2023_Bahrain,SAR,38.0,No Points,8.0,36.66666666666667,35.34120346124852,0,0,8.0
2023_Bahrain,SAR,39.0,No Points,9.0,34.736842105263165,17.42035869530522,0,0,9.0
2023_Bahrain,SAR,40.0,No Points,10.0,32.807017543859644,-4.360135193445088,0,0,10.0
2023_Bahrain,SAR,41.0,No Points,1.0,30.877192982456137,222.79759325088855,0,1,1.0
2023_Bahrain,SAR,42.0,No Points,2.0,28.94736842105263,212.59604673055927,0,1,2.0
2023_Bahrain,SAR,43.0,No Points,3.0,27.017543859649123,198.53485108742296,0,1,3.0
2023_Bahrain,SAR,44.0,No Points,4.0,25.087719298245617,180.61400632147965,0,1,4.0
2023_Bahrain,SAR,45.0,No Points,5.0,23.15789473684211,158.83351243272935,0,1,5.0
2023_Bahrain,SAR,46.0,No Points,6.0,21.228070175438603,133.193369421172,0,1,6.0
2023_Bahrain,SAR,47.0,No Points,7.0,19.298245614035082,103.6935772868077,0,1,7.0
2023_Bahrain,SAR,48.0,No Points,8.0,17.368421052631575,70.33413602963633,0,1,8.0
2023_Bahrain,SAR,49.0,No Points,9.0,15.438596491228068,33.11504564965793,0,1,9.0
2023_Bahrain,SAR,50.0,No Points,10.0,13.508771929824562,-7.963693853127473,0,1,10.0
2023_Bahrain,SAR,51.0,No Points,11.0,11.578947368421055,-52.90208247871989,0,1,11.0
2023_Bahrain,SAR,52.0,No Points,12.0,9.649122807017548,-101.70012022711933,0,1,12.0
2023_Bahrain,SAR,53.0,No Points,13.0,7.719298245614041,-154.35780709832576,0,1,13.0
2023_Bahrain,SAR,54.0,No Points,14.0,5.78947368421052,-210.87514309233927,0,1,14.0
2023_Bahrain,SAR,55.0,No Points,15.0,3.8596491228070136,-271.25212820915976,0,1,15.0
2023_Bahrain,SAR,56.0,No Points,16.0,1.9298245614035068,-335.48876244878727,0,1,16.0
2023_Bahrain,MAG,1.0,No Points,1.0,108.0701754385965,-457.5250142156451,0,0,1.0
2023_Bahrain,MAG,2.0,No Points,2.0,106.14035087719299,-390.53357827983405,0,0,2.0
2023_Bahrain,MAG,3.0,No Points,3.0,104.21052631578948,-327.40179146683,0,0,3.0
2023_Bahrain,MAG,4.0,No Points,4.0,102.28070175438596,-268.12965377663284,0,0,4.0
2023_Bahrain,MAG,5.0,No Points,5.0,100.35087719298245,-212.71716520924284,0,0,5.0
2023_Bahrain,MAG,6.0,No Points,6.0,98.42105263157895,-161.16432576465982,0,0,6.0
2023_Bahrain,MAG,7.0,No Points,7.0,96.49122807017544,-113.47113544288382,0,0,7.0
2023_Bahrain,MAG,8.0,No Points,8.0,94.56140350877193,-69.63759424391485,0,0,8.0
2023_Bahrain,MAG,9.0,No Points,9.0,92.63157894736842,-29.66370216775288,0,0,9.0
2023_Bahrain,MAG,10.0,No Points,10.0,90.7017543859649,6.450540785602071,0,0,10.0
2023_Bahrain,MAG,11.0,No Points,11.0,88.7719298245614,38.70513461615,0,0,11.0
2023_Bahrain,MAG,12.0,No Points,12.0,86.84210526315789,67.10007932389091,0,0,12.0
2023_Bahrain,MAG,13.0,No Points,13.0,84.91228070175438,91.6353749088248,0,0,13.0
2023_Bahrain,MAG,14.0,No Points,14.0,82.98245614035088,112.31102137095169,0,0,14.0
2023_Bahrain,MAG,15.0,No Points,15.0,81.05263157894737,129.12701871027156,0,0,15.0
2023_Bahrain,MAG,16.0,No Points,1.0,79.12280701754386,-202.40403641569503,0,0,1.0
2023_Bahrain,MAG,17.0,No Points,2.0,77.19298245614036,-164.35996890093656,0,0,2.0
2023_Bahrain,MAG,18.0,No Points,3.0,75.26315789473685,-130.17555050898514,0,0,3.0
2023_Bahrain,MAG,19.0,No Points,4.0,73.33333333333334,-99.85078123984073,0,0,4.0
2023_Bahrain,MAG,20.0,No Points,5.0,71.40350877192982,-73.38566109350326,0,0,5.0
2023_Bahrain,MAG,21.0,No Points,6.0,69.47368421052632,-50.780190069972875,0,0,6.0
2023_Bahrain,MAG,22.0,No Points,7.0,67.54385964912281,-32.03436816924951,0,0,7.0
2023_Bahrain,MAG,23.0,No Points,8.0,65.6140350877193,-17.148195391333164,0,0,8.0
2023_Bahrain,MAG,24.0,No Points,9.0,63.68421052631579,-6.121671736223822,0,0,9.0
2023_Bahrain,MAG,25.0,No Points,10.0,61.75438596491228,1.0452027960784926,0,0,10.0
2023_Bahrain,MAG,26.0,No Points,11.0,59.824561403508774,4.352428205573795,0,0,11.0
2023_Bahrain,MAG,27.0,No Points,12.0,57.89473684210526,3.8000044922620675,0,0,12.0
2023_Bahrain,MAG,28.0,No Points,13.0,55.96491228070175,-0.6120683438566649,0,0,13.0
2023_Bahrain,MAG,29.0,No Points,14.0,54.03508771929825,-8.88379030278241,0,0,14.0
2023_Bahrain,MAG,30.0,No Points,1.0,52.10526315789474,35.70887619759175,0,1,1.0
2023_Bahrain,MAG,31.0,No Points,2.0,50.175438596491226,46.73539985270112,0,1,2.0
2023_Bahrain,MAG,32.0,No Points,3.0,48.24561403508772,53.90227438500342,0,1,3.0
2023_Bahrain,MAG,33.0,No Points,4.0,46.31578947368421,57.20949979449871,0,1,4.0
2023_Bahrain,MAG,34.0,No Points,5.0,44.3859649122807,56.65707608118702,0,1,5.0
2023_Bahrain,MAG,35.0,No Points,6.0,42.45614035087719,52.245003245068276,0,1,6.0
2023_Bahrain,MAG,36.0,No Points,7.0,40.526315789473685,43.973281286142516,0,1,7.0
2023_Bahrain,MAG,37.0,No Points,8.0,38.59649122807018,31.84191020440974,0,1,8.0
2023_Bahrain,MAG,38.0,No Points,9.0,36.66666666666667,15.850889999869954,0,1,9.0
2023_Bahrain,MAG,39.0,No Points,10.0,34.736842105263165,-3.999779327476847,0,1,10.0
2023_Bahrain,MAG,40.0,No Points,11.0,32.807017543859644,-27.71009777763068,0,1,11.0
2023_Bahrain,MAG,41.0,No Points,1.0,30.877192982456137,222.79759325088855,0,1,1.0
2023_Bahrain,MAG,42.0,No Points,2.0,28.94736842105263,212.59604673055927,0,1,2.0
2023_Bahrain,MAG,43.0,No Points,3.0,27.017543859649123,198.53485108742296,0,1,3.0
2023_Bahrain,MAG,44.0,No Points,4.0,25.087719298245617,180.61400632147965,0,1,4.0
2023_Bahrain,MAG,45.0,No Points,5.0,23.15789473684211,158.83351243272935,0,1,5.0
2023_Bahrain,MAG,46.0,No Points,6.0,21.228070175438603,133.193369421172,0,1,6.0
2023_Bahrain,MAG,47.0,No Points,7.0,19.298245614035082,103.6935772868077,0,1,7.0
2023_Bahrain,MAG,48.0,No Points,8.0,17.368421052631575,70.33413602963633,0,1,8.0
2023_Bahrain,MAG,49.0,No Points,9.0,15.438596491228068,33.11504564965793,0,1,9.0
2023_Bahrain,MAG,50.0,No Points,10.0,13.508771929824562,-7.963693853127473,0,1,10.0
2023_Bahrain,MAG,51.0,No Points,11.0,11.578947368421055,-52.90208247871989,0,1,11.0
2023_Bahrain,MAG,52.0,No Points,12.0,9.649122807017548,-101.70012022711933,0,1,12.0
2023_Bahrain,MAG,53.0,No Points,13.0,7.719298245614041,-154.35780709832576,0,1,13.0
2023_Bahrain,MAG,54.0,No Points,14.0,5.78947368421052,-210.87514309233927,0,1,14.0
2023_Bahrain,MAG,55.0,No Points,15.0,3.8596491228070136,-271.25212820915976,0,1,15.0
2023_Bahrain,MAG,56.0,No Points,16.0,1.9298245614035068,-335.48876244878727,0,1,16.0
2023_Bahrain,DEV,1.0,No Points,1.0,108.0701754385965,-457.5250142156451,0,1,1.0
2023_Bahrain,DEV,2.0,No Points,2.0,106.14035087719299,-390.53357827983405,0,1,2.0
2023_Bahrain,DEV,3.0,No Points,3.0,104.21052631578948,-327.40179146683,0,1,3.0
2023_Bahrain,DEV,4.0,No Points,4.0,102.28070175438596,-268.12965377663284,0,1,4.0
2023_Bahrain,DEV,5.0,No Points,5.0,100.35087719298245,-212.71716520924284,0,1,5.0
2023_Bahrain,DEV,6.0,No Points,6.0,98.42105263157895,-161.16432576465982,0,1,6.0
2023_Bahrain,DEV,7.0,No Points,7.0,96.49122807017544,-113.47113544288382,0,1,7.0
2023_Bahrain,DEV,8.0,No Points,8.0,94.56140350877193,-69.63759424391485,0,1,8.0
2023_Bahrain,DEV,9.0,No Points,9.0,92.63157894736842,-29.66370216775288,0,1,9.0
2023_Bahrain,DEV,10.0,No Points,10.0,90.7017543859649,6.450540785602071,0,1,10.0
2023_Bahrain,DEV,11.0,No Points,11.0,88.7719298245614,38.70513461615,0,1,11.0
2023_Bahrain,DEV,12.0,No Points,1.0,86.84210526315789,-270.4362971623483,0,0,1.0
2023_Bahrain,DEV,13.0,No Points,2.0,84.91228070175438,-224.67293140197583,0,0,2.0
2023_Bahrain,DEV,14.0,No Points,3.0,82.98245614035088,-182.76921476441038,0,0,3.0
2023_Bahrain,DEV,15.0,No Points,4.0,81.05263157894737,-144.72514724965194,0,0,4.0
2023_Bahrain,DEV,16.0,No Points,5.0,79.12280701754386,-110.5407288577005,0,0,5.0
2023_Bahrain,DEV,17.0,No Points,6.0,77.19298245614036,-80.21595958855609,0,0,6.0
2023_Bahrain,DEV,18.0,No Points,7.0,75.26315789473685,-53.750839442218684,0,0,7.0
2023_Bahrain,DEV,19.0,No Points,8.0,73.33333333333334,-31.145368418688292,0,0,8.0
2023_Bahrain,DEV,20.0,No Points,9.0,71.40350877192982,-12.399546517964902,0,0,9.0
2023_Bahrain,DEV,21.0,No Points,10.0,69.47368421052632,2.4866262599514473,0,0,10.0
2023_Bahrain,DEV,22.0,No Points,11.0,67.54385964912281,13.513149915060783,0,0,11.0
2023_Bahrain,DEV,23.0,No Points,12.0,65.6140350877193,20.680024447363106,0,0,12.0
2023_Bahrain,DEV,24.0,No Points,13.0,63.68421052631579,23.98724985685839,0,0,13.0
2023_Bahrain,DEV,25.0,No Points,14.0,61.75438596491228,23.43482614354668,0,0,14.0
2023_Bahrain,DEV,26.0,No Points,15.0,59.824561403508774,19.022753307427955,0,0,15.0
2023_Bahrain,DEV,27.0,No Points,16.0,57.89473684210526,10.751031348502172,0,0,16.0
2023_Bahrain,DEV,28.0,No Points,1.0,55.96491228070175,1.692745824265101,0,0,1.0
2023_Bahrain,DEV,29.0,No Points,2.0,54.03508771929825,16.578918602181435,0,0,2.0
2023_Bahrain,DEV,30.0,No Points,3.0,52.10526315789474,27.605442257290758,0,0,3.0
2023_Bahrain,DEV,31.0,No Points,4.0,50.175438596491226,34.772316789593106,0,0,4.0
2023_Bahrain,DEV,32.0,No Points,5.0,48.24561403508772,38.079542199088394,0,0,5.0
2023_Bahrain,DEV,33.0,No Points,6.0,46.31578947368421,37.52711848577667,0,0,6.0
2023_Bahrain,DEV,34.0,No Points,7.0,44.3859649122807,33.11504564965795,0,0,7.0
2023_Bahrain,DEV,35.0,No Points,8.0,42.45614035087719,24.84332369073219,0,0,8.0
2023_Bahrain,DEV,36.0,No Points,9.0,40.526315789473685,12.711952608999416,0,0,9.0
2023_Bahrain,DEV,37.0,No Points,10.0,38.59649122807018,-3.2790675955403703,0,0,10.0
2023_Bahrain,DEV,38.0,No Points,11.0,36.66666666666667,-23.129736922887172,0,0,11.0
2023_Bahrain,DEV,39.0,No Points,12.0,34.736842105263165,-46.84005537304098,0,0,12.0
2023_Bahrain,DEV,40.0,No Points,13.0,32.807017543859644,-74.41002294600186,0,0,13.0
2023_Bahrain,DEV,41.0,No Points,14.0,30.877192982456137,-105.83963964176971,0,0,14.0
2023_Bahrain,DEV,42.0,No Points,15.0,28.94736842105263,-141.12890546034458,0,0,15.0
2023_Bahrain,DEV,43.0,No Points,16.0,27.017543859649123,-180.27782040172647,0,0,16.0
2023_Bahrain,DEV,44.0,No Points,17.0,25.087719298245617,-223.28638446591538,0,0,17.0
2023_Bahrain,DEV,45.0,No Points,18.0,23.15789473684211,-270.15459765291126,0,0,18.0
2023_Bahrain,DEV,46.0,No Points,19.0,21.228070175438603,-320.8824599627142,0,0,19.0
2023_Bahrain,DEV,47.0,No Points,20.0,19.298245614035082,-375.46997139532425,0,0,20.0
2023_Bahrain,DEV,48.0,No Points,21.0,17.368421052631575,-433.91713195074124,0,0,21.0
2023_Bahrain,DEV,49.0,No Points,22.0,15.438596491228068,-496.22394162896524,0,0,22.0
2023_Bahrain,DEV,50.0,No Points,23.0,13.508771929824562,-562.3904004299962,0,0,23.0
2023_Bahrain,DEV,51.0,No Points,24.0,11.578947368421055,-632.4165083538343,0,0,24.0
2023_Bahrain,DEV,52.0,No Points,25.0,9.649122807017548,-706.3022654004792,0,0,25.0
2023_Bahrain,DEV,53.0,No Points,26.0,7.719298245614041,-784.0476715699313,0,0,26.0
2023_Bahrain,DEV,54.0,No Points,27.0,5.78947368421052,-865.6527268621905,0,0,27.0
2023_Bahrain,DEV,55.0,No Points,28.0,3.8596491228070136,-951.1174312772566,0,0,28.0
2023_Bahrain,DEV,56.0,No Points,29.0,1.9298245614035068,-1040.4417848151297,0,0,29.0
2023_Bahrain,TSU,1.0,No Points,1.0,108.0701754385965,-457.5250142156451,0,1,1.0
2023_Bahrain,TSU,2.0,No Points,2.0,106.14035087719299,-390.53357827983405,0,1,2.0
2023_Bahrain,TSU,3.0,No Points,3.0,104.21052631578948,-327.40179146683,0,1,3.0
2023_Bahrain,TSU,4.0,No Points,4.0,102.28070175438596,-268.12965377663284,0,1,4.0
2023_Bahrain,TSU,5.0,No Points,5.0,100.35087719298245,-212.71716520924284,0,1,5.0
2023_Bahrain,TSU,6.0,No Points,6.0,98.42105263157895,-161.16432576465982,0,1,6.0
2023_Bahrain,TSU,7.0,No Points,7.0,96.49122807017544,-113.47113544288382,0,1,7.0
2023_Bahrain,TSU,8.0,No Points,8.0,94.56140350877193,-69.63759424391485,0,1,8.0
2023_Bahrain,TSU,9.0,No Points,9.0,92.63157894736842,-29.66370216775288,0,1,9.0
2023_Bahrain,TSU,10.0,No Points,10.0,90.7017543859649,6.450540785602071,0,1,10.0
2023_Bahrain,TSU,11.0,No Points,1.0,88.7719298245614,-287.4443623490116,0,0,1.0
2023_Bahrain,TSU,12.0,No Points,2.0,86.84210526315789,-239.75117202723567,0,0,2.0
2023_Bahrain,TSU,13.0,No Points,3.0,84.91228070175438,-195.91763082826668,0,0,3.0
2023_Bahrain,TSU,14.0,No Points,4.0,82.98245614035088,-155.94373875210474,0,0,4.0
2023_Bahrain,TSU,15.0,No Points,5.0,81.05263157894737,-119.8294957987498,0,0,5.0
2023_Bahrain,TSU,16.0,No Points,6.0,79.12280701754386,-87.57490196820187,0,0,6.0
2023_Bahrain,TSU,17.0,No Points,7.0,77.19298245614036,-59.17995726046097,0,0,7.0
2023_Bahrain,TSU,18.0,No Points,8.0,75.26315789473685,-34.64466167552707,0,0,8.0
2023_Bahrain,TSU,19.0,No Points,9.0,73.33333333333334,-13.969015213400183,0,0,9.0
2023_Bahrain,TSU,20.0,No Points,10.0,71.40350877192982,2.8469821259196855,0,0,10.0
2023_Bahrain,TSU,21.0,No Points,11.0,69.47368421052632,15.803330342432528,0,0,11.0
2023_Bahrain,TSU,22.0,No Points,12.0,67.54385964912281,24.900029436138357,0,0,12.0
2023_Bahrain,TSU,23.0,No Points,13.0,65.6140350877193,30.137079407037174,0,0,13.0
2023_Bahrain,TSU,24.0,No Points,14.0,63.68421052631579,31.514480255128944,0,0,14.0
2023_Bahrain,TSU,25.0,No Points,15.0,61.75438596491228,29.032231980413727,0,0,15.0
2023_Bahrain,TSU,26.0,No Points,16.0,59.824561403508774,22.690334582891495,0,0,16.0
2023_Bahrain,TSU,27.0,No Points,1.0,57.89473684210526,-15.315319362398222,0,0,1.0
2023_Bahrain,TSU,28.0,No Points,2.0,55.96491228070175,1.5006779769216205,0,0,2.0
2023_Bahrain,TSU,29.0,No Points,3.0,54.03508771929825,14.45702619343445,0,0,3.0
2023_Bahrain,TSU,30.0,No Points,4.0,52.10526315789474,23.553725287140264,0,0,4.0
2023_Bahrain,TSU,31.0,No Points,5.0,50.175438596491226,28.7907752580391,0,0,5.0
2023_Bahrain,TSU,32.0,No Points,6.0,48.24561403508772,30.168176106130883,0,0,6.0
2023_Bahrain,TSU,33.0,No Points,7.0,46.31578947368421,27.685927831415647,0,0,7.0
2023_Bahrain,TSU,34.0,No Points,8.0,44.3859649122807,21.344030433893415,0,0,8.0
2023_Bahrain,TSU,35.0,No Points,9.0,42.45614035087719,11.142483913564147,0,0,9.0
2023_Bahrain,TSU,36.0,No Points,10.0,40.526315789473685,-2.918711729572132,0,0,10.0
2023_Bahrain,TSU,37.0,No Points,11.0,38.59649122807018,-20.839556495515428,0,0,11.0
2023_Bahrain,TSU,38.0,No Points,12.0,36.66666666666667,-42.62005038426573,0,0,12.0
2023_Bahrain,TSU,39.0,No Points,13.0,34.736842105263165,-68.26019339582305,0,0,13.0
2023_Bahrain,TSU,40.0,No Points,14.0,32.807017543859644,-97.75998553018745,0,0,14.0
2023_Bahrain,TSU,41.0,No Points,4.0,30.877192982456137,146.95823181412126,0,1,4.0
2023_Bahrain,TSU,42.0,No Points,5.0,28.94736842105263,130.96721160958145,0,1,5.0
2023_Bahrain,TSU,43.0,No Points,6.0,27.017543859649123,111.11654228223463,0,1,6.0
2023_Bahrain,TSU,44.0,No Points,7.0,25.087719298245617,87.40622383208081,0,1,7.0
2023_Bahrain,TSU,45.0,No Points,8.0,23.15789473684211,59.83625625911997,0,1,8.0
2023_Bahrain,TSU,46.0,No Points,9.0,21.228070175438603,28.406639563352112,0,1,9.0
2023_Bahrain,TSU,47.0,No Points,10.0,19.298245614035082,-6.882626255222759,0,1,10.0
2023_Bahrain,TSU,48.0,No Points,11.0,17.368421052631575,-46.03154119660466,0,1,11.0
2023_Bahrain,TSU,49.0,No Points,12.0,15.438596491228068,-89.04010526079357,0,1,12.0
2023_Bahrain,TSU,50.0,No Points,13.0,13.508771929824562,-135.9083184477895,0,1,13.0
2023_Bahrain,TSU,51.0,No Points,14.0,11.578947368421055,-186.63618075759243,0,1,14.0
2023_Bahrain,TSU,52.0,No Points,15.0,9.649122807017548,-241.22369219020237,0,1,15.0
2023_Bahrain,TSU,53.0,No Points,16.0,7.719298245614041,-299.67085274561936,0,1,16.0
2023_Bahrain,TSU,54.0,No Points,17.0,5.78947368421052,-361.9776624238434,0,1,17.0
2023_Bahrain,TSU,55.0,No Points,18.0,3.8596491228070136,-428.1441212248744,0,1,18.0
2023_Bahrain,TSU,56.0,No Points,19.0,1.9298245614035068,-498.17022914871245,0,1,19.0
2023_Bahrain,TSU,57.0,No Points,20.0,0.0,-572.0559861953575,0,1,20.0
2023_Bahrain,ALB,1.0,No Points,1.0,108.0701754385965,-457.5250142156451,0,1,1.0
2023_Bahrain,ALB,2.0,No Points,2.0,106.14035087719299,-390.53357827983405,0,1,2.0
2023_Bahrain,ALB,3.0,No Points,3.0,104.21052631578948,-327.40179146683,0,1,3.0
2023_Bahrain,ALB,4.0,No Points,4.0,102.28070175438596,-268.12965377663284,0,1,4.0
2023_Bahrain,ALB,5.0,No Points,5.0,100.35087719298245,-212.71716520924284,0,1,5.0
2023_Bahrain,ALB,6.0,No Points,6.0,98.42105263157895,-161.16432576465982,0,1,6.0
2023_Bahrain,ALB,7.0,No Points,7.0,96.49122807017544,-113.47113544288382,0,1,7.0
2023_Bahrain,ALB,8.0,No Points,8.0,94.56140350877193,-69.63759424391485,0,1,8.0
2023_Bahrain,ALB,9.0,No Points,9.0,92.63157894736842,-29.66370216775288,0,1,9.0
2023_Bahrain,ALB,10.0,No Points,10.0,90.7017543859649,6.450540785602071,0,1,10.0
2023_Bahrain,ALB,11.0,No Points,11.0,88.7719298245614,38.70513461615,0,1,11.0
2023_Bahrain,ALB,12.0,No Points,1.0,86.84210526315789,-270.4362971623483,0,1,1.0
2023_Bahrain,ALB,13.0,No Points,2.0,84.91228070175438,-224.67293140197583,0,1,2.0
2023_Bahrain,ALB,14.0,No Points,3.0,82.98245614035088,-182.76921476441038,0,1,3.0
2023_Bahrain,ALB,15.0,Point Scorer,4.0,81.05263157894737,-144.72514724965194,0,1,4.0
2023_Bahrain,ALB,16.0,Point Scorer,5.0,79.12280701754386,-110.5407288577005,0,1,5.0
2023_Bahrain,ALB,17.0,Point Scorer,6.0,77.19298245614036,-80.21595958855609,0,1,6.0
2023_Bahrain,ALB,18.0,Point Scorer,7.0,75.26315789473685,-53.750839442218684,0,1,7.0
2023_Bahrain,ALB,19.0,Point Scorer,8.0,73.33333333333334,-31.145368418688292,0,1,8.0
2023_Bahrain,ALB,20.0,Point Scorer,9.0,71.40350877192982,-12.399546517964902,0,1,9.0
2023_Bahrain,ALB,21.0,Point Scorer,10.0,69.47368421052632,2.4866262599514473,0,1,10.0
2023_Bahrain,ALB,22.0,Point Scorer,11.0,67.54385964912281,13.513149915060783,0,1,11.0
2023_Bahrain,ALB,23.0,Point Scorer,12.0,65.6140350877193,20.680024447363106,0,1,12.0
2023_Bahrain,ALB,24.0,Point Scorer,13.0,63.68421052631579,23.98724985685839,0,1,13.0
2023_Bahrain,ALB,25.0,Point Scorer,14.0,61.75438596491228,23.43482614354668,0,1,14.0
2023_Bahrain,ALB,26.0,Point Scorer,15.0,59.824561403508774,19.022753307427955,0,1,15.0
2023_Bahrain,ALB,27.0,No Points,1.0,57.89473684210526,-15.315319362398222,0,0,1.0
2023_Bahrain,ALB,28.0,No Points,2.0,55.96491228070175,1.5006779769216205,0,0,2.0
2023_Bahrain,ALB,29.0,No Points,3.0,54.03508771929825,14.45702619343445,0,0,3.0
2023_Bahrain,ALB,30.0,No Points,4.0,52.10526315789474,23.553725287140264,0,0,4.0
2023_Bahrain,ALB,31.0,No Points,5.0,50.175438596491226,28.7907752580391,0,0,5.0
2023_Bahrain,ALB,32.0,No Points,6.0,48.24561403508772,30.168176106130883,0,0,6.0
2023_Bahrain,ALB,33.0,Point Scorer,7.0,46.31578947368421,27.685927831415647,0,0,7.0
2023_Bahrain,ALB,34.0,Point Scorer,8.0,44.3859649122807,21.344030433893415,0,0,8.0
2023_Bahrain,ALB,35.0,Point Scorer,9.0,42.45614035087719,11.142483913564147,0,0,9.0
2023_Bahrain,ALB,36.0,Point Scorer,10.0,40.526315789473685,-2.918711729572132,0,0,10.0
2023_Bahrain,ALB,37.0,Point Scorer,11.0,38.59649122807018,-20.839556495515428,0,0,11.0
2023_Bahrain,ALB,38.0,Point Scorer,12.0,36.66666666666667,-42.62005038426573,0,0,12.0
2023_Bahrain,ALB,39.0,Point Scorer,13.0,34.736842105263165,-68.26019339582305,0,0,13.0
2023_Bahrain,ALB,40.0,Point Scorer,14.0,32.807017543859644,-97.75998553018745,0,0,14.0
2023_Bahrain,ALB,41.0,Point Scorer,1.0,30.877192982456137,222.79759325088855,0,1,1.0
2023_Bahrain,ALB,42.0,Point Scorer,2.0,28.94736842105263,212.59604673055927,0,1,2.0
2023_Bahrain,ALB,43.0,Point Scorer,3.0,27.017543859649123,198.53485108742296,0,1,3.0
2023_Bahrain,ALB,44.0,Point Scorer,4.0,25.087719298245617,180.61400632147965,0,1,4.0
2023_Bahrain,ALB,45.0,Point Scorer,5.0,23.15789473684211,158.83351243272935,0,1,5.0
2023_Bahrain,ALB,46.0,Point Scorer,6.0,21.228070175438603,133.193369421172,0,1,6.0
2023_Bahrain,ALB,47.0,Point Scorer,7.0,19.298245614035082,103.6935772868077,0,1,7.0
2023_Bahrain,ALB,48.0,Point Scorer,8.0,17.368421052631575,70.33413602963633,0,1,8.0
2023_Bahrain,ALB,49.0,Point Scorer,9.0,15.438596491228068,33.11504564965793,0,1,9.0
2023_Bahrain,ALB,50.0,Point Scorer,10.0,13.508771929824562,-7.963693853127473,0,1,10.0
2023_Bahrain,ALB,51.0,Point Scorer,11.0,11.578947368421055,-52.90208247871989,0,1,11.0
2023_Bahrain,ALB,52.0,Point Scorer,12.0,9.649122807017548,-101.70012022711933,0,1,12.0
2023_Bahrain,ALB,53.0,Point Scorer,13.0,7.719298245614041,-154.35780709832576,0,1,13.0
2023_Bahrain,ALB,54.0,Point Scorer,14.0,5.78947368421052,-210.87514309233927,0,1,14.0
2023_Bahrain,ALB,55.0,Point Scorer,15.0,3.8596491228070136,-271.25212820915976,0,1,15.0
2023_Bahrain,ALB,56.0,Point Scorer,16.0,1.9298245614035068,-335.48876244878727,0,1,16.0
2023_Bahrain,ALB,57.0,Point Scorer,17.0,0.0,-403.5850458112218,0,1,17.0
2023_Bahrain,ZHO,1.0,No Points,1.0,108.0701754385965,-457.5250142156451,0,1,1.0
2023_Bahrain,ZHO,2.0,No Points,2.0,106.14035087719299,-390.53357827983405,0,1,2.0
2023_Bahrain,ZHO,3.0,No Points,3.0,104.21052631578948,-327.40179146683,0,1,3.0
2023_Bahrain,ZHO,4.0,No Points,4.0,102.28070175438596,-268.12965377663284,0,1,4.0
2023_Bahrain,ZHO,5.0,No Points,5.0,100.35087719298245,-212.71716520924284,0,1,5.0
2023_Bahrain,ZHO,6.0,No Points,6.0,98.42105263157895,-161.16432576465982,0,1,6.0
2023_Bahrain,ZHO,7.0,No Points,7.0,96.49122807017544,-113.47113544288382,0,1,7.0
2023_Bahrain,ZHO,8.0,No Points,8.0,94.56140350877193,-69.63759424391485,0,1,8.0
2023_Bahrain,ZHO,9.0,No Points,9.0,92.63157894736842,-29.66370216775288,0,1,9.0
2023_Bahrain,ZHO,10.0,No Points,10.0,90.7017543859649,6.450540785602071,0,1,10.0
2023_Bahrain,ZHO,11.0,No Points,11.0,88.7719298245614,38.70513461615,0,1,11.0
2023_Bahrain,ZHO,12.0,No Points,12.0,86.84210526315789,67.10007932389091,0,1,12.0
2023_Bahrain,ZHO,13.0,No Points,1.0,84.91228070175438,-253.42823197568498,0,0,1.0
2023_Bahrain,ZHO,14.0,No Points,2.0,82.98245614035088,-209.59469077671602,0,0,2.0
2023_Bahrain,ZHO,15.0,No Points,3.0,81.05263157894737,-169.62079870055408,0,0,3.0
2023_Bahrain,ZHO,16.0,No Points,4.0,79.12280701754386,-133.50655574719914,0,0,4.0
2023_Bahrain,ZHO,17.0,No Points,5.0,77.19298245614036,-101.25196191665121,0,0,5.0
2023_Bahrain,ZHO,18.0,No Points,6.0,75.26315789473685,-72.85701720891029,0,0,6.0
2023_Bahrain,ZHO,19.0,No Points,7.0,73.33333333333334,-48.3217216239764,0,0,7.0
2023_Bahrain,ZHO,20.0,No Points,8.0,71.40350877192982,-27.64607516184949,0,0,8.0
2023_Bahrain,ZHO,21.0,No Points,9.0,69.47368421052632,-10.830077822529635,0,0,9.0
2023_Bahrain,ZHO,22.0,No Points,10.0,67.54385964912281,2.1262703939832086,0,0,10.0
2023_Bahrain,ZHO,23.0,No Points,11.0,65.6140350877193,11.222969487689038,0,0,11.0
2023_Bahrain,ZHO,24.0,No Points,12.0,63.68421052631579,16.460019458587837,0,0,12.0
2023_Bahrain,ZHO,25.0,No Points,13.0,61.75438596491228,17.837420306679633,0,0,13.0
2023_Bahrain,ZHO,26.0,No Points,14.0,59.824561403508774,15.355172031964415,0,0,14.0
2023_Bahrain,ZHO,27.0,No Points,15.0,57.89473684210526,9.013274634442146,0,0,15.0
2023_Bahrain,ZHO,28.0,No Points,16.0,55.96491228070175,-1.1882718858871062,0,0,16.0
2023_Bahrain,ZHO,29.0,No Points,17.0,54.03508771929825,-15.249467529023372,0,0,17.0
2023_Bahrain,ZHO,30.0,No Points,18.0,52.10526315789474,-33.17031229496665,0,0,18.0
2023_Bahrain,ZHO,31.0,No Points,19.0,50.175438596491226,-54.95080618371701,0,0,19.0
2023_Bahrain,ZHO,32.0,No Points,20.0,48.24561403508772,-80.59094919527432,0,0,20.0
2023_Bahrain,ZHO,33.0,No Points,4.0,46.31578947368421,57.20949979449871,0,1,4.0
2023_Bahrain,ZHO,34.0,No Points,5.0,44.3859649122807,56.65707608118702,0,1,5.0
2023_Bahrain,ZHO,35.0,No Points,6.0,42.45614035087719,52.245003245068276,0,1,6.0
2023_Bahrain,ZHO,36.0,No Points,7.0,40.526315789473685,43.973281286142516,0,1,7.0
2023_Bahrain,ZHO,37.0,No Points,8.0,38.59649122807018,31.84191020440974,0,1,8.0
2023_Bahrain,ZHO,38.0,No Points,9.0,36.66666666666667,15.850889999869954,0,1,9.0
2023_Bahrain,ZHO,39.0,No Points,10.0,34.736842105263165,-3.999779327476847,0,1,10.0
2023_Bahrain,ZHO,40.0,No Points,11.0,32.807017543859644,-27.71009777763068,0,1,11.0
2023_Bahrain,ZHO,41.0,No Points,12.0,30.877192982456137,-55.28006535059152,0,1,12.0
2023_Bahrain,ZHO,42.0,No Points,13.0,28.94736842105263,-86.70968204635938,0,1,13.0
2023_Bahrain,ZHO,43.0,No Points,14.0,27.017543859649123,-121.99894786493425,0,1,14.0
2023_Bahrain,ZHO,44.0,No Points,15.0,25.087719298245617,-161.14786280631614,0,1,15.0
2023_Bahrain,ZHO,45.0,No Points,16.0,23.15789473684211,-204.15642687050502,0,1,16.0
2023_Bahrain,ZHO,46.0,No Points,17.0,21.228070175438603,-251.02464005750093,0,1,17.0
2023_Bahrain,ZHO,47.0,No Points,18.0,19.298245614035082,-301.752502367304,0,1,18.0
2023_Bahrain,ZHO,48.0,No Points,19.0,17.368421052631575,-356.34001379991395,0,1,19.0
2023_Bahrain,ZHO,49.0,No Points,20.0,15.438596491228068,-414.7871743553309,0,1,20.0
2023_Bahrain,ZHO,50.0,No Points,21.0,13.508771929824562,-477.0939840335549,0,1,21.0
2023_Bahrain,ZHO,51.0,No Points,22.0,11.578947368421055,-543.2604428345859,0,1,22.0
2023_Bahrain,ZHO,52.0,No Points,23.0,9.649122807017548,-613.2865507584239,0,1,23.0
2023_Bahrain,ZHO,53.0,No Points,24.0,7.719298245614041,-687.1723078050688,0,1,24.0
2023_Bahrain,ZHO,54.0,No Points,25.0,5.78947368421052,-764.9177139745211,0,1,25.0
2023_Bahrain,ZHO,55.0,No Points,4.0,3.8596491228070136,304.01851284846066,0,1,4.0
2023_Bahrain,ZHO,56.0,No Points,5.0,1.9298245614035068,261.0099487842717,0,1,5.0
2023_Bahrain,HUL,1.0,No Points,4.0,108.0701754385965,-301.78542828399134,0,1,4.0
2023_Bahrain,HUL,2.0,No Points,5.0,106.14035087719299,-240.5834660323908,0,1,5.0
2023_Bahrain,HUL,3.0,No Points,6.0,104.21052631578948,-183.24115290359725,0,1,6.0
2023_Bahrain,HUL,4.0,No Points,7.0,102.28070175438596,-129.75848889761068,0,1,7.0
2023_Bahrain,HUL,5.0,No Points,8.0,100.35087719298245,-80.13547401443117,0,1,8.0
2023_Bahrain,HUL,6.0,No Points,9.0,98.42105263157895,-34.37210825405869,0,1,9.0
2023_Bahrain,HUL,7.0,No Points,10.0,96.49122807017544,7.531608383506788,0,1,10.0
2023_Bahrain,HUL,8.0,No Points,11.0,94.56140350877193,45.575675898265246,0,1,11.0
2023_Bahrain,HUL,9.0,No Points,12.0,92.63157894736842,79.7600942902167,0,1,12.0
2023_Bahrain,HUL,10.0,No Points,13.0,90.7017543859649,110.08486355936108,0,1,13.0
2023_Bahrain,HUL,11.0,No Points,14.0,88.7719298245614,136.54998370569848,0,1,14.0
2023_Bahrain,HUL,12.0,No Points,1.0,86.84210526315789,-270.4362971623483,0,0,1.0
2023_Bahrain,HUL,13.0,No Points,2.0,84.91228070175438,-224.67293140197583,0,0,2.0
2023_Bahrain,HUL,14.0,No Points,3.0,82.98245614035088,-182.76921476441038,0,0,3.0
2023_Bahrain,HUL,15.0,No Points,4.0,81.05263157894737,-144.72514724965194,0,0,4.0
2023_Bahrain,HUL,16.0,No Points,5.0,79.12280701754386,-110.5407288577005,0,0,5.0
2023_Bahrain,HUL,17.0,No Points,6.0,77.19298245614036,-80.21595958855609,0,0,6.0
2023_Bahrain,HUL,18.0,No Points,7.0,75.26315789473685,-53.750839442218684,0,0,7.0
2023_Bahrain,HUL,19.0,No Points,8.0,73.33333333333334,-31.145368418688292,0,0,8.0
2023_Bahrain,HUL,20.0,No Points,9.0,71.40350877192982,-12.399546517964902,0,0,9.0
2023_Bahrain,HUL,21.0,No Points,10.0,69.47368421052632,2.4866262599514473,0,0,10.0
2023_Bahrain,HUL,22.0,No Points,11.0,67.54385964912281,13.513149915060783,0,0,11.0
2023_Bahrain,HUL,23.0,No Points,12.0,65.6140350877193,20.680024447363106,0,0,12.0
2023_Bahrain,HUL,24.0,No Points,13.0,63.68421052631579,23.98724985685839,0,0,13.0
2023_Bahrain,HUL,25.0,No Points,14.0,61.75438596491228,23.43482614354668,0,0,14.0
2023_Bahrain,HUL,26.0,No Points,15.0,59.824561403508774,19.022753307427955,0,0,15.0
2023_Bahrain,HUL,27.0,No Points,1.0,57.89473684210526,-15.315319362398222,0,0,1.0
2023_Bahrain,HUL,28.0,No Points,2.0,55.96491228070175,1.5006779769216205,0,0,2.0
2023_Bahrain,HUL,29.0,No Points,3.0,54.03508771929825,14.45702619343445,0,0,3.0
2023_Bahrain,HUL,30.0,No Points,4.0,52.10526315789474,23.553725287140264,0,0,4.0
2023_Bahrain,HUL,31.0,No Points,5.0,50.175438596491226,28.7907752580391,0,0,5.0
2023_Bahrain,HUL,32.0,No Points,6.0,48.24561403508772,30.168176106130883,0,0,6.0
2023_Bahrain,HUL,33.0,No Points,7.0,46.31578947368421,27.685927831415647,0,0,7.0
2023_Bahrain,HUL,34.0,No Points,8.0,44.3859649122807,21.344030433893415,0,0,8.0
2023_Bahrain,HUL,35.0,No Points,9.0,42.45614035087719,11.142483913564147,0,0,9.0
2023_Bahrain,HUL,36.0,No Points,10.0,40.526315789473685,-2.918711729572132,0,0,10.0
2023_Bahrain,HUL,37.0,No Points,11.0,38.59649122807018,-20.839556495515428,0,0,11.0
2023_Bahrain,HUL,38.0,No Points,12.0,36.66666666666667,-42.62005038426573,0,0,12.0
2023_Bahrain,HUL,39.0,No Points,13.0,34.736842105263165,-68.26019339582305,0,0,13.0
2023_Bahrain,HUL,40.0,No Points,14.0,32.807017543859644,-97.75998553018745,0,0,14.0
2023_Bahrain,HUL,41.0,No Points,4.0,30.877192982456137,146.95823181412126,0,1,4.0
2023_Bahrain,HUL,42.0,No Points,5.0,28.94736842105263,130.96721160958145,0,1,5.0
2023_Bahrain,HUL,43.0,No Points,6.0,27.017543859649123,111.11654228223463,0,1,6.0
2023_Bahrain,HUL,44.0,No Points,7.0,25.087719298245617,87.40622383208081,0,1,7.0
2023_Bahrain,HUL,45.0,No Points,8.0,23.15789473684211,59.83625625911997,0,1,8.0
2023_Bahrain,HUL,46.0,No Points,9.0,21.228070175438603,28.406639563352112,0,1,9.0
2023_Bahrain,HUL,47.0,No Points,10.0,19.298245614035082,-6.882626255222759,0,1,10.0
2023_Bahrain,HUL,48.0,No Points,11.0,17.368421052631575,-46.03154119660466,0,1,11.0
2023_Bahrain,HUL,49.0,No Points,12.0,15.438596491228068,-89.04010526079357,0,1,12.0
2023_Bahrain,HUL,50.0,No Points,13.0,13.508771929824562,-135.9083184477895,0,1,13.0
2023_Bahrain,HUL,51.0,No Points,14.0,11.578947368421055,-186.63618075759243,0,1,14.0
2023_Bahrain,HUL,52.0,No Points,15.0,9.649122807017548,-241.22369219020237,0,1,15.0
2023_Bahrain,HUL,53.0,No Points,16.0,7.719298245614041,-299.67085274561936,0,1,16.0
2023_Bahrain,HUL,54.0,No Points,17.0,5.78947368421052,-361.9776624238434,0,1,17.0
2023_Bahrain,HUL,55.0,No Points,18.0,3.8596491228070136,-428.1441212248744,0,1,18.0
2023_Bahrain,HUL,56.0,No Points,19.0,1.9298245614035068,-498.17022914871245,0,1,19.0
2023_Bahrain,OCO,1.0,No Points,4.0,108.0701754385965,-301.78542828399134,0,1,4.0
2023_Bahrain,OCO,2.0,No Points,5.0,106.14035087719299,-240.5834660323908,0,1,5.0
2023_Bahrain,OCO,3.0,No Points,6.0,104.21052631578948,-183.24115290359725,0,1,6.0
2023_Bahrain,OCO,4.0,No Points,7.0,102.28070175438596,-129.75848889761068,0,1,7.0
2023_Bahrain,OCO,5.0,No Points,8.0,100.35087719298245,-80.13547401443117,0,1,8.0
2023_Bahrain,OCO,6.0,No Points,9.0,98.42105263157895,-34.37210825405869,0,1,9.0
2023_Bahrain,OCO,7.0,No Points,10.0,96.49122807017544,7.531608383506788,0,1,10.0
2023_Bahrain,OCO,8.0,No Points,11.0,94.56140350877193,45.575675898265246,0,1,11.0
2023_Bahrain,OCO,9.0,No Points,12.0,92.63157894736842,79.7600942902167,0,1,12.0
2023_Bahrain,OCO,10.0,No Points,13.0,90.7017543859649,110.08486355936108,0,1,13.0
2023_Bahrain,OCO,11.0,No Points,14.0,88.7719298245614,136.54998370569848,0,1,14.0
2023_Bahrain,OCO,12.0,No Points,15.0,86.84210526315789,159.15545472922886,0,1,15.0
2023_Bahrain,OCO,13.0,No Points,1.0,84.91228070175438,-253.42823197568498,0,0,1.0
2023_Bahrain,OCO,14.0,No Points,2.0,82.98245614035088,-209.59469077671602,0,0,2.0
2023_Bahrain,OCO,15.0,No Points,3.0,81.05263157894737,-169.62079870055408,0,0,3.0
2023_Bahrain,OCO,16.0,No Points,4.0,79.12280701754386,-133.50655574719914,0,0,4.0
2023_Bahrain,OCO,17.0,No Points,5.0,77.19298245614036,-101.25196191665121,0,0,5.0
2023_Bahrain,OCO,18.0,No Points,6.0,75.26315789473685,-72.85701720891029,0,0,6.0
2023_Bahrain,OCO,19.0,No Points,7.0,73.33333333333334,-48.3217216239764,0,0,7.0
2023_Bahrain,OCO,20.0,No Points,8.0,71.40350877192982,-27.64607516184949,0,0,8.0
2023_Bahrain,OCO,21.0,No Points,9.0,69.47368421052632,-10.830077822529635,0,0,9.0
2023_Bahrain,OCO,22.0,No Points,10.0,67.54385964912281,2.1262703939832086,0,0,10.0
2023_Bahrain,OCO,23.0,No Points,11.0,65.6140350877193,11.222969487689038,0,0,11.0
2023_Bahrain,OCO,24.0,No Points,12.0,63.68421052631579,16.460019458587837,0,0,12.0
2023_Bahrain,OCO,25.0,No Points,13.0,61.75438596491228,17.837420306679633,0,0,13.0
2023_Bahrain,OCO,26.0,No Points,14.0,59.824561403508774,15.355172031964415,0,0,14.0
2023_Bahrain,OCO,27.0,No Points,15.0,57.89473684210526,9.013274634442146,0,0,15.0
2023_Bahrain,OCO,28.0,No Points,16.0,55.96491228070175,-1.1882718858871062,0,0,16.0
2023_Bahrain,OCO,29.0,No Points,17.0,54.03508771929825,-15.249467529023372,0,0,17.0
2023_Bahrain,OCO,30.0,No Points,18.0,52.10526315789474,-33.17031229496665,0,0,18.0
2023_Bahrain,OCO,31.0,No Points,19.0,50.175438596491226,-54.95080618371701,0,0,19.0
2023_Bahrain,OCO,32.0,No Points,20.0,48.24561403508772,-80.59094919527432,0,0,20.0
2023_Bahrain,OCO,33.0,No Points,1.0,46.31578947368421,86.73307175758178,0,0,1.0
2023_Bahrain,OCO,34.0,No Points,2.0,44.3859649122807,91.97012172848062,0,0,2.0
2023_Bahrain,OCO,35.0,No Points,3.0,42.45614035087719,93.3475225765724,0,0,3.0
2023_Bahrain,OCO,36.0,No Points,4.0,40.526315789473685,90.86527430185716,0,0,4.0
2023_Bahrain,OCO,37.0,No Points,5.0,38.59649122807018,84.52337690433491,0,0,5.0
2023_Bahrain,OCO,38.0,No Points,6.0,36.66666666666667,74.32183038400564,0,0,6.0
2023_Bahrain,OCO,39.0,No Points,7.0,34.736842105263165,60.260634740869364,0,0,7.0
2023_Bahrain,OCO,40.0,No Points,8.0,32.807017543859644,42.33978997492609,0,0,8.0
2023_Bahrain,OCO,41.0,No Points,9.0,30.877192982456137,20.55929608617577,0,0,9.0
2023_Bahrain,NOR,1.0,No Points,1.0,108.0701754385965,-457.5250142156451,0,1,1.0
2023_Bahrain,NOR,2.0,No Points,2.0,106.14035087719299,-390.53357827983405,0,1,2.0
2023_Bahrain,NOR,3.0,No Points,3.0,104.21052631578948,-327.40179146683,0,1,3.0
2023_Bahrain,NOR,4.0,No Points,4.0,102.28070175438596,-268.12965377663284,0,1,4.0
2023_Bahrain,NOR,5.0,No Points,5.0,100.35087719298245,-212.71716520924284,0,1,5.0
2023_Bahrain,NOR,6.0,No Points,6.0,98.42105263157895,-161.16432576465982,0,1,6.0
2023_Bahrain,NOR,7.0,No Points,7.0,96.49122807017544,-113.47113544288382,0,1,7.0
2023_Bahrain,NOR,8.0,No Points,8.0,94.56140350877193,-69.63759424391485,0,1,8.0
2023_Bahrain,NOR,9.0,No Points,9.0,92.63157894736842,-29.66370216775288,0,1,9.0
2023_Bahrain,NOR,10.0,No Points,10.0,90.7017543859649,6.450540785602071,0,1,10.0
2023_Bahrain,NOR,11.0,No Points,1.0,88.7719298245614,-287.4443623490116,0,0,1.0
2023_Bahrain,NOR,12.0,No Points,2.0,86.84210526315789,-239.75117202723567,0,0,2.0
2023_Bahrain,NOR,13.0,No Points,3.0,84.91228070175438,-195.91763082826668,0,0,3.0
2023_Bahrain,NOR,14.0,No Points,4.0,82.98245614035088,-155.94373875210474,0,0,4.0
2023_Bahrain,NOR,15.0,No Points,5.0,81.05263157894737,-119.8294957987498,0,0,5.0
2023_Bahrain,NOR,16.0,No Points,6.0,79.12280701754386,-87.57490196820187,0,0,6.0
2023_Bahrain,NOR,17.0,No Points,7.0,77.19298245614036,-59.17995726046097,0,0,7.0
2023_Bahrain,NOR,18.0,No Points,4.0,75.26315789473685,-111.06937274229352,0,1,4.0
2023_Bahrain,NOR,19.0,No Points,5.0,73.33333333333334,-82.67442803455262,0,1,5.0
2023_Bahrain,NOR,20.0,No Points,6.0,71.40350877192982,-58.139132449618664,0,1,6.0
2023_Bahrain,NOR,21.0,No Points,7.0,69.47368421052632,-37.463485987491794,0,1,7.0
2023_Bahrain,NOR,22.0,No Points,8.0,67.54385964912281,-20.64748864817194,0,1,8.0
2023_Bahrain,NOR,23.0,No Points,9.0,65.6140350877193,-7.691140431659097,0,1,9.0
2023_Bahrain,NOR,24.0,No Points,10.0,63.68421052631579,1.405558662046731,0,1,10.0
2023_Bahrain,NOR,25.0,No Points,11.0,61.75438596491228,6.64260863294554,0,1,11.0
2023_Bahrain,NOR,26.0,No Points,12.0,59.824561403508774,8.020009481037334,0,1,12.0
2023_Bahrain,NOR,27.0,No Points,13.0,57.89473684210526,5.537761206322093,0,1,13.0
2023_Bahrain,NOR,28.0,No Points,1.0,55.96491228070175,1.692745824265101,1,0,1.0
2023_Bahrain,NOR,29.0,No Points,2.0,54.03508771929825,16.578918602181435,1,0,2.0
2023_Bahrain,NOR,30.0,No Points,3.0,52.10526315789474,27.605442257290758,1,0,3.0
2023_Bahrain,NOR,31.0,No Points,4.0,50.175438596491226,34.772316789593106,1,0,4.0
2023_Bahrain,NOR,32.0,No Points,5.0,48.24561403508772,38.079542199088394,1,0,5.0
2023_Bahrain,NOR,33.0,No Points,6.0,46.31578947368421,37.52711848577667,1,0,6.0
2023_Bahrain,NOR,34.0,No Points,7.0,44.3859649122807,33.11504564965795,1,0,7.0
2023_Bahrain,NOR,35.0,No Points,8.0,42.45614035087719,24.84332369073219,1,0,8.0
2023_Bahrain,NOR,36.0,No Points,9.0,40.526315789473685,12.711952608999416,1,0,9.0
2023_Bahrain,NOR,37.0,No Points,10.0,38.59649122807018,-3.2790675955403703,1,0,10.0
2023_Bahrain,NOR,38.0,No Points,1.0,36.66666666666667,171.77339769089846,0,0,1.0
2023_Bahrain,NOR,39.0,No Points,2.0,34.736842105263165,167.3613248547797,0,0,2.0
2023_Bahrain,NOR,40.0,No Points,3.0,32.807017543859644,159.08960289585406,0,0,3.0
2023_Bahrain,NOR,41.0,No Points,4.0,30.877192982456137,146.95823181412126,0,0,4.0
2023_Bahrain,NOR,42.0,No Points,5.0,28.94736842105263,130.96721160958145,0,0,5.0
2023_Bahrain,NOR,43.0,No Points,6.0,27.017543859649123,111.11654228223463,0,0,6.0
2023_Bahrain,NOR,44.0,No Points,7.0,25.087719298245617,87.40622383208081,0,0,7.0
2023_Bahrain,NOR,45.0,No Points,8.0,23.15789473684211,59.83625625911997,0,0,8.0
2023_Bahrain,NOR,46.0,No Points,9.0,21.228070175438603,28.406639563352112,0,0,9.0
2023_Bahrain,NOR,47.0,No Points,10.0,19.298245614035082,-6.882626255222759,0,0,10.0
2023_Bahrain,NOR,48.0,No Points,5.0,17.368421052631575,186.6998132558773,0,1,5.0
2023_Bahrain,NOR,49.0,No Points,6.0,15.438596491228068,155.27019656010944,0,1,6.0
2023_Bahrain,NOR,50.0,No Points,7.0,13.508771929824562,119.98093074153455,0,1,7.0
2023_Bahrain,NOR,51.0,No Points,8.0,11.578947368421055,80.83201580015265,0,1,8.0
2023_Bahrain,NOR,52.0,No Points,9.0,9.649122807017548,37.82345173596374,0,1,9.0
2023_Bahrain,NOR,53.0,No Points,10.0,7.719298245614041,-9.044761451032189,0,1,10.0
2023_Bahrain,NOR,54.0,No Points,11.0,5.78947368421052,-59.772623760835145,0,1,11.0
2023_Bahrain,NOR,55.0,No Points,7.0,3.8596491228070136,147.126519832746,0,1,7.0
2023_Bahrain,HAM,1.0,Point Scorer,4.0,108.0701754385965,-301.78542828399134,0,1,4.0
2023_Bahrain,HAM,2.0,Point Scorer,5.0,106.14035087719299,-240.5834660323908,0,1,5.0
2023_Bahrain,HAM,3.0,Point Scorer,6.0,104.21052631578948,-183.24115290359725,0,1,6.0
2023_Bahrain,HAM,4.0,Point Scorer,7.0,102.28070175438596,-129.75848889761068,0,1,7.0
2023_Bahrain,HAM,5.0,Point Scorer,8.0,100.35087719298245,-80.13547401443117,0,1,8.0
2023_Bahrain,HAM,6.0,Point Scorer,9.0,98.42105263157895,-34.37210825405869,0,1,9.0
2023_Bahrain,HAM,7.0,Point Scorer,10.0,96.49122807017544,7.531608383506788,0,1,10.0
2023_Bahrain,HAM,8.0,Point Scorer,11.0,94.56140350877193,45.575675898265246,0,1,11.0
2023_Bahrain,HAM,9.0,Point Scorer,12.0,92.63157894736842,79.7600942902167,0,1,12.0
2023_Bahrain,HAM,10.0,Point Scorer,13.0,90.7017543859649,110.08486355936108,0,1,13.0
2023_Bahrain,HAM,11.0,Point Scorer,14.0,88.7719298245614,136.54998370569848,0,1,14.0
2023_Bahrain,HAM,12.0,Point Scorer,15.0,86.84210526315789,159.15545472922886,0,1,15.0
2023_Bahrain,HAM,13.0,Point Scorer,1.0,84.91228070175438,-253.42823197568498,0,0,1.0
2023_Bahrain,HAM,14.0,Point Scorer,2.0,82.98245614035088,-209.59469077671602,0,0,2.0
2023_Bahrain,HAM,15.0,Point Scorer,3.0,81.05263157894737,-169.62079870055408,0,0,3.0
2023_Bahrain,HAM,16.0,Point Scorer,4.0,79.12280701754386,-133.50655574719914,0,0,4.0
2023_Bahrain,HAM,17.0,Point Scorer,5.0,77.19298245614036,-101.25196191665121,0,0,5.0
2023_Bahrain,HAM,18.0,Point Scorer,6.0,75.26315789473685,-72.85701720891029,0,0,6.0
2023_Bahrain,HAM,19.0,Point Scorer,7.0,73.33333333333334,-48.3217216239764,0,0,7.0
2023_Bahrain,HAM,20.0,Point Scorer,8.0,71.40350877192982,-27.64607516184949,0,0,8.0
2023_Bahrain,HAM,21.0,Point Scorer,9.0,69.47368421052632,-10.830077822529635,0,0,9.0
2023_Bahrain,HAM,22.0,Point Scorer,10.0,67.54385964912281,2.1262703939832086,0,0,10.0
2023_Bahrain,HAM,23.0,Point Scorer,11.0,65.6140350877193,11.222969487689038,0,0,11.0
2023_Bahrain,HAM,24.0,Point Scorer,12.0,63.68421052631579,16.460019458587837,0,0,12.0
2023_Bahrain,HAM,25.0,Point Scorer,13.0,61.75438596491228,17.837420306679633,0,0,13.0
2023_Bahrain,HAM,26.0,Point Scorer,14.0,59.824561403508774,15.355172031964415,0,0,14.0
2023_Bahrain,HAM,27.0,Point Scorer,15.0,57.89473684210526,9.013274634442146,0,0,15.0
2023_Bahrain,HAM,28.0,Point Scorer,16.0,55.96491228070175,-1.1882718858871062,0,0,16.0
2023_Bahrain,HAM,29.0,Point Scorer,17.0,54.03508771929825,-15.249467529023372,0,0,17.0
2023_Bahrain,HAM,30.0,Point Scorer,18.0,52.10526315789474,-33.17031229496665,0,0,18.0
2023_Bahrain,HAM,31.0,Point Scorer,1.0,50.175438596491226,52.71694138425513,0,0,1.0
2023_Bahrain,HAM,32.0,Point Scorer,2.0,48.24561403508772,61.81364047796094,0,0,2.0
2023_Bahrain,HAM,33.0,Point Scorer,3.0,46.31578947368421,67.05069044885974,0,0,3.0
2023_Bahrain,HAM,34.0,Point Scorer,4.0,44.3859649122807,68.42809129695155,0,0,4.0
2023_Bahrain,HAM,35.0,Point Scorer,5.0,42.45614035087719,65.94584302223632,0,0,5.0
2023_Bahrain,HAM,36.0,Point Scorer,6.0,40.526315789473685,59.603945624714065,0,0,6.0
2023_Bahrain,HAM,37.0,Point Scorer,7.0,38.59649122807018,49.4023991043848,0,0,7.0
2023_Bahrain,HAM,38.0,Point Scorer,8.0,36.66666666666667,35.34120346124852,0,0,8.0
2023_Bahrain,HAM,39.0,Point Scorer,9.0,34.736842105263165,17.42035869530522,0,0,9.0
2023_Bahrain,HAM,40.0,Point Scorer,10.0,32.807017543859644,-4.360135193445088,0,0,10.0
2023_Bahrain,HAM,41.0,Point Scorer,11.0,30.877192982456137,-30.000278205002424,0,0,11.0
2023_Bahrain,HAM,42.0,Point Scorer,12.0,28.94736842105263,-59.50007033936677,0,0,12.0
2023_Bahrain,HAM,43.0,Point Scorer,13.0,27.017543859649123,-92.85951159653814,0,0,13.0
2023_Bahrain,HAM,44.0,Point Scorer,14.0,25.087719298245617,-130.07860197651652,0,0,14.0
2023_Bahrain,HAM,45.0,Point Scorer,15.0,23.15789473684211,-171.1573414793019,0,0,15.0
2023_Bahrain,HAM,46.0,Point Scorer,16.0,21.228070175438603,-216.0957301048943,0,0,16.0
2023_Bahrain,HAM,47.0,Point Scorer,17.0,19.298245614035082,-264.8937678532938,0,0,17.0
2023_Bahrain,HAM,48.0,Point Scorer,18.0,17.368421052631575,-317.5514547245003,0,0,18.0
2023_Bahrain,HAM,49.0,Point Scorer,19.0,15.438596491228068,-374.0687907185137,0,0,19.0
2023_Bahrain,HAM,50.0,Point Scorer,20.0,13.508771929824562,-434.4457758353342,0,0,20.0
2023_Bahrain,HAM,51.0,Point Scorer,21.0,11.578947368421055,-498.6824100749617,0,0,21.0
2023_Bahrain,HAM,52.0,Point Scorer,22.0,9.649122807017548,-566.7786934373962,0,0,22.0
2023_Bahrain,HAM,53.0,Point Scorer,23.0,7.719298245614041,-638.7346259226377,0,0,23.0
2023_Bahrain,HAM,54.0,Point Scorer,24.0,5.78947368421052,-714.5502075306864,0,0,24.0
2023_Bahrain,HAM,55.0,Point Scorer,25.0,3.8596491228070136,-794.225438261542,0,0,25.0
2023_Bahrain,HAM,56.0,Point Scorer,26.0,1.9298245614035068,-877.7603181152045,0,0,26.0
2023_Bahrain,HAM,57.0,Point Scorer,27.0,0.0,-965.1548470916741,0,0,27.0
2023_Bahrain,SAI,1.0,Point Scorer,4.0,108.0701754385965,-301.78542828399134,0,1,4.0
2023_Bahrain,SAI,2.0,Point Scorer,5.0,106.14035087719299,-240.5834660323908,0,1,5.0
2023_Bahrain,SAI,3.0,Point Scorer,6.0,104.21052631578948,-183.24115290359725,0,1,6.0
2023_Bahrain,SAI,4.0,Point Scorer,7.0,102.28070175438596,-129.75848889761068,0,1,7.0
2023_Bahrain,SAI,5.0,Point Scorer,8.0,100.35087719298245,-80.13547401443117,0,1,8.0
2023_Bahrain,SAI,6.0,Point Scorer,9.0,98.42105263157895,-34.37210825405869,0,1,9.0
2023_Bahrain,SAI,7.0,Point Scorer,10.0,96.49122807017544,7.531608383506788,0,1,10.0
2023_Bahrain,SAI,8.0,Point Scorer,11.0,94.56140350877193,45.575675898265246,0,1,11.0
2023_Bahrain,SAI,9.0,Point Scorer,12.0,92.63157894736842,79.7600942902167,0,1,12.0
2023_Bahrain,SAI,10.0,Point Scorer,13.0,90.7017543859649,110.08486355936108,0,1,13.0
2023_Bahrain,SAI,11.0,Point Scorer,14.0,88.7719298245614,136.54998370569848,0,1,14.0
2023_Bahrain,SAI,12.0,Point Scorer,15.0,86.84210526315789,159.15545472922886,0,1,15.0
2023_Bahrain,SAI,13.0,Point Scorer,16.0,84.91228070175438,177.90127662995226,0,1,16.0
2023_Bahrain,SAI,14.0,Point Scorer,1.0,82.98245614035088,-236.42016678902166,0,0,1.0
2023_Bahrain,SAI,15.0,Point Scorer,2.0,81.05263157894737,-194.5164501514562,0,0,2.0
2023_Bahrain,SAI,16.0,Point Scorer,3.0,79.12280701754386,-156.47238263669777,0,0,3.0
2023_Bahrain,SAI,17.0,Point Scorer,4.0,77.19298245614036,-122.28796424474633,0,0,4.0
2023_Bahrain,SAI,18.0,Point Scorer,5.0,75.26315789473685,-91.96319497560191,0,0,5.0
2023_Bahrain,SAI,19.0,Point Scorer,6.0,73.33333333333334,-65.49807482926451,0,0,6.0
2023_Bahrain,SAI,20.0,Point Scorer,7.0,71.40350877192982,-42.892603805734076,0,0,7.0
2023_Bahrain,SAI,21.0,Point Scorer,8.0,69.47368421052632,-24.146781905010716,0,0,8.0
2023_Bahrain,SAI,22.0,Point Scorer,9.0,67.54385964912281,-9.260609127094366,0,0,9.0
2023_Bahrain,SAI,23.0,Point Scorer,10.0,65.6140350877193,1.7659145280149706,0,0,10.0
2023_Bahrain,SAI,24.0,Point Scorer,11.0,63.68421052631579,8.932789060317285,0,0,11.0
2023_Bahrain,SAI,25.0,Point Scorer,12.0,61.75438596491228,12.240014469812587,0,0,12.0
2023_Bahrain,SAI,26.0,Point Scorer,13.0,59.824561403508774,11.687590756500875,0,0,13.0
2023_Bahrain,SAI,27.0,Point Scorer,14.0,57.89473684210526,7.27551792038212,0,0,14.0
2023_Bahrain,SAI,28.0,Point Scorer,15.0,55.96491228070175,-0.9962040385436258,0,0,15.0
2023_Bahrain,SAI,29.0,Point Scorer,16.0,54.03508771929825,-13.127575120276385,0,0,16.0
2023_Bahrain,SAI,30.0,Point Scorer,17.0,52.10526315789474,-29.11859532481616,0,0,17.0
2023_Bahrain,SAI,31.0,Point Scorer,18.0,50.175438596491226,-48.969264652163005,0,0,18.0
2023_Bahrain,SAI,32.0,Point Scorer,1.0,48.24561403508772,69.72500657091845,0,0,1.0
2023_Bahrain,SAI,33.0,Point Scorer,2.0,46.31578947368421,76.89188110322075,0,0,2.0
2023_Bahrain,SAI,34.0,Point Scorer,3.0,44.3859649122807,80.19910651271609,0,0,3.0
2023_Bahrain,SAI,35.0,Point Scorer,4.0,42.45614035087719,79.64668279940436,0,0,4.0
2023_Bahrain,SAI,36.0,Point Scorer,5.0,40.526315789473685,75.2346099632856,0,0,5.0
2023_Bahrain,SAI,37.0,Point Scorer,6.0,38.59649122807018,66.96288800435985,0,0,6.0
2023_Bahrain,SAI,38.0,Point Scorer,7.0,36.66666666666667,54.83151692262708,0,0,7.0
2023_Bahrain,SAI,39.0,Point Scorer,8.0,34.736842105263165,38.840496718087294,0,0,8.0
2023_Bahrain,SAI,40.0,Point Scorer,9.0,32.807017543859644,18.9898273907405,0,0,9.0
2023_Bahrain,SAI,41.0,Point Scorer,10.0,30.877192982456137,-4.720491059413326,0,0,10.0
2023_Bahrain,SAI,42.0,Point Scorer,11.0,28.94736842105263,-32.29045863237417,0,0,11.0
2023_Bahrain,SAI,43.0,Point Scorer,12.0,27.017543859649123,-63.72007532814202,0,0,12.0
2023_Bahrain,SAI,44.0,Point Scorer,13.0,25.087719298245617,-99.00934114671689,0,0,13.0
2023_Bahrain,SAI,45.0,Point Scorer,14.0,23.15789473684211,-138.15825608809877,0,0,14.0
2023_Bahrain,SAI,46.0,Point Scorer,15.0,21.228070175438603,-181.16682015228767,0,0,15.0
2023_Bahrain,SAI,47.0,Point Scorer,16.0,19.298245614035082,-228.03503333928367,0,0,16.0
2023_Bahrain,SAI,48.0,Point Scorer,17.0,17.368421052631575,-278.7628956490866,0,0,17.0
2023_Bahrain,SAI,49.0,Point Scorer,18.0,15.438596491228068,-333.3504070816966,0,0,18.0
2023_Bahrain,SAI,50.0,Point Scorer,19.0,13.508771929824562,-391.7975676371135,0,0,19.0
2023_Bahrain,SAI,51.0,Point Scorer,20.0,11.578947368421055,-454.1043773153375,0,0,20.0
2023_Bahrain,SAI,52.0,Point Scorer,21.0,9.649122807017548,-520.2708361163685,0,0,21.0
2023_Bahrain,SAI,53.0,Point Scorer,22.0,7.719298245614041,-590.2969440402065,0,0,22.0
2023_Bahrain,SAI,54.0,Point Scorer,23.0,5.78947368421052,-664.1827010868517,0,0,23.0
2023_Bahrain,SAI,55.0,Point Scorer,24.0,3.8596491228070136,-741.9281072563037,0,0,24.0
2023_Bahrain,SAI,56.0,Point Scorer,25.0,1.9298245614035068,-823.5331625485628,0,0,25.0
2023_Bahrain,SAI,57.0,Point Scorer,26.0,0.0,-908.9978669636289,0,0,26.0
2023_Bahrain,RUS,1.0,Point Scorer,4.0,108.0701754385965,-301.78542828399134,0,1,4.0
2023_Bahrain,RUS,2.0,Point Scorer,5.0,106.14035087719299,-240.5834660323908,0,1,5.0
2023_Bahrain,RUS,3.0,Point Scorer,6.0,104.21052631578948,-183.24115290359725,0,1,6.0
2023_Bahrain,RUS,4.0,Point Scorer,7.0,102.28070175438596,-129.75848889761068,0,1,7.0
2023_Bahrain,RUS,5.0,Point Scorer,8.0,100.35087719298245,-80.13547401443117,0,1,8.0
2023_Bahrain,RUS,6.0,Point Scorer,9.0,98.42105263157895,-34.37210825405869,0,1,9.0
2023_Bahrain,RUS,7.0,Point Scorer,10.0,96.49122807017544,7.531608383506788,0,1,10.0
2023_Bahrain,RUS,8.0,Point Scorer,11.0,94.56140350877193,45.575675898265246,0,1,11.0
2023_Bahrain,RUS,9.0,Point Scorer,12.0,92.63157894736842,79.7600942902167,0,1,12.0
2023_Bahrain,RUS,10.0,Point Scorer,13.0,90.7017543859649,110.08486355936108,0,1,13.0
2023_Bahrain,RUS,11.0,Point Scorer,14.0,88.7719298245614,136.54998370569848,0,1,14.0
2023_Bahrain,RUS,12.0,Point Scorer,15.0,86.84210526315789,159.15545472922886,0,1,15.0
2023_Bahrain,RUS,13.0,Point Scorer,16.0,84.91228070175438,177.90127662995226,0,1,16.0
2023_Bahrain,RUS,14.0,Point Scorer,1.0,82.98245614035088,-236.42016678902166,0,0,1.0
2023_Bahrain,RUS,15.0,Point Scorer,2.0,81.05263157894737,-194.5164501514562,0,0,2.0
2023_Bahrain,RUS,16.0,Point Scorer,3.0,79.12280701754386,-156.47238263669777,0,0,3.0
2023_Bahrain,RUS,17.0,Point Scorer,4.0,77.19298245614036,-122.28796424474633,0,0,4.0
2023_Bahrain,RUS,18.0,Point Scorer,5.0,75.26315789473685,-91.96319497560191,0,0,5.0
2023_Bahrain,RUS,19.0,Point Scorer,6.0,73.33333333333334,-65.49807482926451,0,0,6.0
2023_Bahrain,RUS,20.0,Point Scorer,7.0,71.40350877192982,-42.892603805734076,0,0,7.0
2023_Bahrain,RUS,21.0,Point Scorer,8.0,69.47368421052632,-24.146781905010716,0,0,8.0
2023_Bahrain,RUS,22.0,Point Scorer,9.0,67.54385964912281,-9.260609127094366,0,0,9.0
2023_Bahrain,RUS,23.0,Point Scorer,10.0,65.6140350877193,1.7659145280149706,0,0,10.0
2023_Bahrain,RUS,24.0,Point Scorer,11.0,63.68421052631579,8.932789060317285,0,0,11.0
2023_Bahrain,RUS,25.0,Point Scorer,12.0,61.75438596491228,12.240014469812587,0,0,12.0
2023_Bahrain,RUS,26.0,Point Scorer,13.0,59.824561403508774,11.687590756500875,0,0,13.0
2023_Bahrain,RUS,27.0,Point Scorer,14.0,57.89473684210526,7.27551792038212,0,0,14.0
2023_Bahrain,RUS,28.0,Point Scorer,15.0,55.96491228070175,-0.9962040385436258,0,0,15.0
2023_Bahrain,RUS,29.0,Point Scorer,16.0,54.03508771929825,-13.127575120276385,0,0,16.0
2023_Bahrain,RUS,30.0,Point Scorer,17.0,52.10526315789474,-29.11859532481616,0,0,17.0
2023_Bahrain,RUS,31.0,Point Scorer,18.0,50.175438596491226,-48.969264652163005,0,0,18.0
2023_Bahrain,RUS,32.0,Point Scorer,1.0,48.24561403508772,69.72500657091845,0,0,1.0
2023_Bahrain,RUS,33.0,Point Scorer,2.0,46.31578947368421,76.89188110322075,0,0,2.0
2023_Bahrain,RUS,34.0,Point Scorer,3.0,44.3859649122807,80.19910651271609,0,0,3.0
2023_Bahrain,RUS,35.0,Point Scorer,4.0,42.45614035087719,79.64668279940436,0,0,4.0
2023_Bahrain,RUS,36.0,Point Scorer,5.0,40.526315789473685,75.2346099632856,0,0,5.0
2023_Bahrain,RUS,37.0,Point Scorer,6.0,38.59649122807018,66.96288800435985,0,0,6.0
2023_Bahrain,RUS,38.0,Point Scorer,7.0,36.66666666666667,54.83151692262708,0,0,7.0
2023_Bahrain,RUS,39.0,Point Scorer,8.0,34.736842105263165,38.840496718087294,0,0,8.0
2023_Bahrain,RUS,40.0,Point Scorer,9.0,32.807017543859644,18.9898273907405,0,0,9.0
2023_Bahrain,RUS,41.0,Point Scorer,10.0,30.877192982456137,-4.720491059413326,0,0,10.0
2023_Bahrain,RUS,42.0,Point Scorer,11.0,28.94736842105263,-32.29045863237417,0,0,11.0
2023_Bahrain,RUS,43.0,Point Scorer,12.0,27.017543859649123,-63.72007532814202,0,0,12.0
2023_Bahrain,RUS,44.0,Point Scorer,13.0,25.087719298245617,-99.00934114671689,0,0,13.0
2023_Bahrain,RUS,45.0,Point Scorer,14.0,23.15789473684211,-138.15825608809877,0,0,14.0
2023_Bahrain,RUS,46.0,Point Scorer,15.0,21.228070175438603,-181.16682015228767,0,0,15.0
2023_Bahrain,RUS,47.0,Point Scorer,16.0,19.298245614035082,-228.03503333928367,0,0,16.0
2023_Bahrain,RUS,48.0,Point Scorer,17.0,17.368421052631575,-278.7628956490866,0,0,17.0
2023_Bahrain,RUS,49.0,Point Scorer,18.0,15.438596491228068,-333.3504070816966,0,0,18.0
2023_Bahrain,RUS,50.0,Point Scorer,19.0,13.508771929824562,-391.7975676371135,0,0,19.0
2023_Bahrain,RUS,51.0,Point Scorer,20.0,11.578947368421055,-454.1043773153375,0,0,20.0
2023_Bahrain,RUS,52.0,Point Scorer,21.0,9.649122807017548,-520.2708361163685,0,0,21.0
2023_Bahrain,RUS,53.0,Point Scorer,22.0,7.719298245614041,-590.2969440402065,0,0,22.0
2023_Bahrain,RUS,54.0,Point Scorer,23.0,5.78947368421052,-664.1827010868517,0,0,23.0
2023_Bahrain,RUS,55.0,Point Scorer,24.0,3.8596491228070136,-741.9281072563037,0,0,24.0
2023_Bahrain,RUS,56.0,Point Scorer,25.0,1.9298245614035068,-823.5331625485628,0,0,25.0
2023_Bahrain,RUS,57.0,Point Scorer,26.0,0.0,-908.9978669636289,0,0,26.0
2023_Bahrain,BOT,1.0,Point Scorer,1.0,108.0701754385965,-457.5250142156451,0,1,1.0
2023_Bahrain,BOT,2.0,Point Scorer,2.0,106.14035087719299,-390.53357827983405,0,1,2.0
2023_Bahrain,BOT,3.0,Point Scorer,3.0,104.21052631578948,-327.40179146683,0,1,3.0
2023_Bahrain,BOT,4.0,Point Scorer,4.0,102.28070175438596,-268.12965377663284,0,1,4.0
2023_Bahrain,BOT,5.0,Point Scorer,5.0,100.35087719298245,-212.71716520924284,0,1,5.0
2023_Bahrain,BOT,6.0,Point Scorer,6.0,98.42105263157895,-161.16432576465982,0,1,6.0
2023_Bahrain,BOT,7.0,Point Scorer,7.0,96.49122807017544,-113.47113544288382,0,1,7.0
2023_Bahrain,BOT,8.0,Point Scorer,8.0,94.56140350877193,-69.63759424391485,0,1,8.0
2023_Bahrain,BOT,9.0,Point Scorer,9.0,92.63157894736842,-29.66370216775288,0,1,9.0
2023_Bahrain,BOT,10.0,Point Scorer,10.0,90.7017543859649,6.450540785602071,0,1,10.0
2023_Bahrain,BOT,11.0,Point Scorer,11.0,88.7719298245614,38.70513461615,0,1,11.0
2023_Bahrain,BOT,12.0,No Points,1.0,86.84210526315789,-270.4362971623483,0,0,1.0
2023_Bahrain,BOT,13.0,Point Scorer,2.0,84.91228070175438,-224.67293140197583,0,0,2.0
2023_Bahrain,BOT,14.0,Point Scorer,3.0,82.98245614035088,-182.76921476441038,0,0,3.0
2023_Bahrain,BOT,15.0,Point Scorer,4.0,81.05263157894737,-144.72514724965194,0,0,4.0
2023_Bahrain,BOT,16.0,Point Scorer,5.0,79.12280701754386,-110.5407288577005,0,0,5.0
2023_Bahrain,BOT,17.0,Point Scorer,6.0,77.19298245614036,-80.21595958855609,0,0,6.0
2023_Bahrain,BOT,18.0,Point Scorer,7.0,75.26315789473685,-53.750839442218684,0,0,7.0
2023_Bahrain,BOT,19.0,Point Scorer,8.0,73.33333333333334,-31.145368418688292,0,0,8.0
2023_Bahrain,BOT,20.0,Point Scorer,9.0,71.40350877192982,-12.399546517964902,0,0,9.0
2023_Bahrain,BOT,21.0,Point Scorer,10.0,69.47368421052632,2.4866262599514473,0,0,10.0
2023_Bahrain,BOT,22.0,Point Scorer,11.0,67.54385964912281,13.513149915060783,0,0,11.0
2023_Bahrain,BOT,23.0,Point Scorer,12.0,65.6140350877193,20.680024447363106,0,0,12.0
2023_Bahrain,BOT,24.0,Point Scorer,13.0,63.68421052631579,23.98724985685839,0,0,13.0
2023_Bahrain,BOT,25.0,Point Scorer,14.0,61.75438596491228,23.43482614354668,0,0,14.0
2023_Bahrain,BOT,26.0,Point Scorer,15.0,59.824561403508774,19.022753307427955,0,0,15.0
2023_Bahrain,BOT,27.0,Point Scorer,16.0,57.89473684210526,10.751031348502172,0,0,16.0
2023_Bahrain,BOT,28.0,Point Scorer,17.0,55.96491228070175,-1.3803397332305867,0,0,17.0
2023_Bahrain,BOT,29.0,Point Scorer,18.0,54.03508771929825,-17.37135993777036,0,0,18.0
2023_Bahrain,BOT,30.0,No Points,1.0,52.10526315789474,35.70887619759175,0,0,1.0
2023_Bahrain,BOT,31.0,Point Scorer,2.0,50.175438596491226,46.73539985270112,0,0,2.0
2023_Bahrain,BOT,32.0,Point Scorer,3.0,48.24561403508772,53.90227438500342,0,0,3.0
2023_Bahrain,BOT,33.0,Point Scorer,4.0,46.31578947368421,57.20949979449871,0,0,4.0
2023_Bahrain,BOT,34.0,Point Scorer,5.0,44.3859649122807,56.65707608118702,0,0,5.0
2023_Bahrain,BOT,35.0,Point Scorer,6.0,42.45614035087719,52.245003245068276,0,0,6.0
2023_Bahrain,BOT,36.0,Point Scorer,7.0,40.526315789473685,43.973281286142516,0,0,7.0
2023_Bahrain,BOT,37.0,Point Scorer,8.0,38.59649122807018,31.84191020440974,0,0,8.0
2023_Bahrain,BOT,38.0,Point Scorer,9.0,36.66666666666667,15.850889999869954,0,0,9.0
2023_Bahrain,BOT,39.0,Point Scorer,10.0,34.736842105263165,-3.999779327476847,0,0,10.0
2023_Bahrain,BOT,40.0,Point Scorer,11.0,32.807017543859644,-27.71009777763068,0,0,11.0
2023_Bahrain,BOT,41.0,Point Scorer,12.0,30.877192982456137,-55.28006535059152,0,0,12.0
2023_Bahrain,BOT,42.0,Point Scorer,13.0,28.94736842105263,-86.70968204635938,0,0,13.0
2023_Bahrain,BOT,43.0,Point Scorer,14.0,27.017543859649123,-121.99894786493425,0,0,14.0
2023_Bahrain,BOT,44.0,Point Scorer,15.0,25.087719298245617,-161.14786280631614,0,0,15.0
2023_Bahrain,BOT,45.0,Point Scorer,16.0,23.15789473684211,-204.15642687050502,0,0,16.0
2023_Bahrain,BOT,46.0,Point Scorer,17.0,21.228070175438603,-251.02464005750093,0,0,17.0
2023_Bahrain,BOT,47.0,Point Scorer,18.0,19.298245614035082,-301.752502367304,0,0,18.0
2023_Bahrain,BOT,48.0,Point Scorer,19.0,17.368421052631575,-356.34001379991395,0,0,19.0
2023_Bahrain,BOT,49.0,Point Scorer,20.0,15.438596491228068,-414.7871743553309,0,0,20.0
2023_Bahrain,BOT,50.0,Point Scorer,21.0,13.508771929824562,-477.0939840335549,0,0,21.0
2023_Bahrain,BOT,51.0,Point Scorer,22.0,11.578947368421055,-543.2604428345859,0,0,22.0
2023_Bahrain,BOT,52.0,Point Scorer,23.0,9.649122807017548,-613.2865507584239,0,0,23.0
2023_Bahrain,BOT,53.0,Point Scorer,24.0,7.719298245614041,-687.1723078050688,0,0,24.0
2023_Bahrain,BOT,54.0,Point Scorer,25.0,5.78947368421052,-764.9177139745211,0,0,25.0
2023_Bahrain,BOT,55.0,Point Scorer,26.0,3.8596491228070136,-846.5227692667802,0,0,26.0
2023_Bahrain,BOT,56.0,Point Scorer,27.0,1.9298245614035068,-931.9874736818463,0,0,27.0
2023_Bahrain,BOT,57.0,Point Scorer,28.0,0.0,-1021.3118272197194,0,0,28.0
2023_Bahrain,PIA,1.0,No Points,1.0,108.0701754385965,-457.5250142156451,0,1,1.0
2023_Bahrain,PIA,2.0,No Points,2.0,106.14035087719299,-390.53357827983405,0,1,2.0
2023_Bahrain,PIA,3.0,No Points,3.0,104.21052631578948,-327.40179146683,0,1,3.0
2023_Bahrain,PIA,4.0,No Points,4.0,102.28070175438596,-268.12965377663284,0,1,4.0
2023_Bahrain,PIA,5.0,No Points,5.0,100.35087719298245,-212.71716520924284,0,1,5.0
2023_Bahrain,PIA,6.0,No Points,6.0,98.42105263157895,-161.16432576465982,0,1,6.0
2023_Bahrain,PIA,7.0,No Points,7.0,96.49122807017544,-113.47113544288382,0,1,7.0
2023_Bahrain,PIA,8.0,No Points,8.0,94.56140350877193,-69.63759424391485,0,1,8.0
2023_Bahrain,PIA,9.0,No Points,9.0,92.63157894736842,-29.66370216775288,0,1,9.0
2023_Bahrain,PIA,10.0,No Points,10.0,90.7017543859649,6.450540785602071,0,1,10.0
2023_Bahrain,PIA,11.0,No Points,11.0,88.7719298245614,38.70513461615,0,1,11.0
2023_Bahrain,PIA,12.0,No Points,12.0,86.84210526315789,67.10007932389091,0,1,12.0
2023_Bahrain,PIA,13.0,No Points,13.0,84.91228070175438,91.6353749088248,0,1,13.0
